model,category,series,page,max_video_resolution,sensor_lens_fov,sensor_fov,horizontal_fov,image_sensor,lens,min_illumination_lux,max_fps,optical_zoom,pan_tilt,pan_tilt_zoom,rs485_rs422_ptz_control,sensitivity,detection_range,object_temperature_range,audio_builtin_mic,audio_support,builtin_mic,compute_capabilities,included_video_analytics,analytics,power,io_ports,operating_temperature,approvals,certifications,outdoor_ready,wdr_lightfinder,zipstream_codec_support,optimizedir_builtin_ir,secure_boot_signed_video_keystore,secure_boot_keystore,sustainability,highlighted_features,voice_announcements,onboard_audio_clips,max_sound_pressure_level,frequency_response,coverage_pattern,other
AXIS Q1728-LE,Box cameras,AXIS Q17 Series,8,3840x2160 (8.3 MP),"13 mm: 1/1.2”, 5.9 - 13.3 mm F1.6 - 2.9, 108°- 49° 48 mm: 1/1.2”, 15.2 - 48.7 mm F1.7, 42°- 13°",,,,,13 mm: 0.05/0.00 48 mm: 0.05/0.00,50/60,,,,,,,,√ / -,,,Deep learning processing unit,AXIS Object Analytics Audio detection AXIS Video Motion Detection AXIS Image Health Analytics AXIS Live Privacy Shield AXIS Scene Metadata,,"PoE Class 4, DC",4,-40 °C to 60 °C (-40 °F to 140 °F),"IP66/NEMA 4X, IK10, IP67",,,Forensic WDR/Lightfinder 2.0,√ / √ / √ / √,√ / √,√ / √ / FIPS 140-3 Level 3,,"PVC free, BFR/CFR free 42% bio-plastics 4% recycled plastics",Edge-to-edge technology Shock detection Built-in wiper Electronic image stabilization,,,,,,
AXIS Q1728,Box cameras,AXIS Q17 Series,8,3840x2160 (8.3 MP),"13 mm: 1/1.2”, 5.9 - 13.3 mm F1.6 - 2.9, 108°- 49° 48 mm: 1/1.2”, 15.2 - 48.7 mm F1.7, 42°- 13°",,,,,13 mm: 0.05/0.01 48 mm: 0.05/0.01,50/60,,,,,,,,√ / -,,,Deep learning processing unit,AXIS Object Analytics Audio detection AXIS Video Motion Detection AXIS Image Health Analytics AXIS Live Privacy Shield AXIS Scene Metadata,,"PoE Class 3, DC",4,-10 °C to 60 °C (14 °F to 140 °F),-,,,Forensic WDR/Lightfinder 2.0,√ / √ / √ / √,- / -,√ / √ / FIPS 140-3 Level 3,,"PVC free, BFR/CFR free 13 mm: 35% recycled plastics 48 mm: 42% recycled plastics","Edge-to-edge technology Shock detection, HDMI Electronic image stabilization",,,,,,
AXIS Q1726-LE,Box cameras,AXIS Q17 Series,8,2688x1512 (4 MP),"1/1.8”, 4.7 - 10 mm F1.1 - 1.2, 101.8°- 44°",,,,,0.01/0.00,100/120,,,,,,,,√ / -,,,Deep learning processing unit,AXIS Object Analytics Audio detection AXIS Video Motion Detection AXIS Image Health Analytics AXIS Live Privacy Shield AXIS Scene Metadata,,"PoE Class 4, DC",4,-40 °C to 60 °C (-40 °F to 140 °F),"IP66/NEMA 4X, IK10, IP67",,,Forensic WDR/Lightfinder 2.0,√ / √ / √ / √,√ / √,√ / √ / FIPS 140-3 Level 3,,"PVC free, BFR/CFR free 42% bio-plastics 3% recycled plastics",Edge-to-edge technology Shock detection Built-in wiper Electronic image stabilization,,,,,,
AXIS Q1726,Box cameras,AXIS Q17 Series,8,2688x1512 (4 MP),"1/1.8”, 4.7 - 10 mm F1.1 - 1.2, 101.8°- 44°",,,,,0.01/0.002,100/120,,,,,,,,√ / -,,,Deep learning processing unit,AXIS Object Analytics Audio detection AXIS Video Motion Detection AXIS Image Health Analytics AXIS Live Privacy Shield AXIS Scene Metadata,,"PoE Class 3, DC",4,-10 °C to 60 °C (14 °F to 140 °F),-,,,Forensic WDR/Lightfinder 2.0,√ / √ / √ / √,- / -,√ / √ / FIPS 140-3 Level 3,,"PVC free, BFR/CFR free 28% bio-plastics 15% recycled plastics","Edge-to-edge technology Shock detection, HDMI Electronic image stabilization",,,,,,
AXIS Q1715,Box cameras,AXIS Q17 Series,8,1920x1080 (2.1 MP),"1/2.8” 4 - 84.6 mm, F1.6 - F4.5 76° - 3.6°",,,,,0.1/0.02,50/60 100/120 without WDR,,,,,,,,√ / -,,,Deep learning processing unit,AXIS Object Analytics Audio detection AXIS Video Motion Detection Active tampering alarm AXIS Scene Metadata,,"PoE Class 3/4, DC",4,-20 °C to 50 °C (-4 °F to 122 °F),-,,,Forensic WDR/Lightfinder 2.0,√ / √ / √ / -,- / -,√ / √ / FIPS 140-2 Level 2,,"PVC free, BFR/CFR free","Edge-to-edge technology Shock detection HDMI, HD-SDI, I2C Electronic image stabilization",,,,,,
AXIS Q1686-DLE,Box cameras,AXIS Q16 Series,10,2688x1512 (4 MP),"1/1.8'', i-CS lens Varifocal, 9 - 50 mm, F1.5 46°- 9°",,,,,0.05/0.00,50/60,,,,,,,,√ / -,,,Deep learning processing unit,AXIS Object Analytics Audio detection AXIS Video Motion Detection Active tampering alarm AXIS Scene Metadata,,"PoE Class 4, DC",4,-40°C to 60 °C (-40 °F to 140 °F),IP66/IP67/NEMA 4X,,,Forensic WDR/Lightfinder 2.0,√ / √ / √ / -,√ / √,√ / √ / FIPS 140-2 Level 2,,"PVC free, BFR/CFR free 5% bio-plastics",Electronic image stabilization Shock detection Augmented overlay (radar) Built-in license plate cature assistant License plate capture up to 200 km/h Measure speed and capture License plate per vehicle (only ALPV supported),,,,,,
AXIS Q1656-DLE,Box cameras,AXIS Q16 Series,10,2688x1512 (4 MP),"1/1.8'', i-CS lens 3.9 -10 mm, F1.5 96° - 44°",,,,,0.05/0.00,50/60,,,,,,,,√ / -,,,Deep learning processing unit,AXIS Object Analytics Audio detection AXIS Video Motion Detection AXIS Image Health Analytics AXIS Scene Metadata,,"PoE Class 4, DC",4,-40 °C to 60 °C (-40 °F to 140 °F),IP66/IP67/NEMA 4X,,,Forensic WDR/Lightfinder 2.0,√ / √ / √ / -,√ / √,√ / √ / FIPS 140-2 Level 2,,"PVC free, BFR/CFR free 6% bio-plastics",Electronic image stabilization Shock detection Augmented overlay (radar) Edge-to-edge technology Picture-in-picture,,,,,,
AXIS Q1656,Box cameras,AXIS Q16 Series,10,2688x1512 (4 MP),"1/1.8”, i-CS lens 3.9 - 10 mm, F1.5 120° - 47°",,,,,0.05/0.01,50/60,,,,,,,,√ / √,,,Deep learning processing unit,AXIS Object Analytics Audio detection AXIS Video Motion Detection AXIS Image Health Analytics AXIS Live Privacy Shield AXIS Scene Metadata,,"PoE Class 3, DC",4,-20 °C to 60 °C (-4°F to 140°F),-,,,Forensic WDR/Lightfinder 2.0,√ / √ / √ / -,- / -,√ / √ / FIPS 140-2 Level 2,,"PVC free, BFR/CFR free 4% bio-plastics",Electronic image stabilization Shock detection Edge-to-edge technology,,,,,,
AXIS Q1656-B,Box cameras,AXIS Q16 Series,10,2688x1512 (4 MP),"1/1.8”, -, -",,,,,- / -,50/60,,,,,,,,√ / √,,,Deep learning processing unit,AXIS Object Analytics Audio detection AXIS Video Motion Detection AXIS Image Health Analytics AXIS Scene Metadata,,"PoE Class 3, DC",4,-20 °C to 60 °C (-4°F to 140°F),-,,,Forensic WDR/Lightfinder 2.0,√ / √ / √ / -,- / -,√ / √ / FIPS 140-2 Level 2,,"PVC free, BFR/CFR free 4% bio-plastics",Electronic image stabilization Shock detection Edge-to-edge technology,,,,,,
AXIS Q1656-LE,Box cameras,AXIS Q16 Series,10,2688x1512 (4 MP),"1/1.8”, i-CS lens 3.9 - 10 mm, F1.5 113° - 47°",,,,,0.05/0.00,50/60,,,,,,,,√ / -,,,Deep learning processing unit,AXIS Object Analytics Audio detection AXIS Video Motion Detection AXIS Image Health Analytics AXIS Live Privacy Shield AXIS Scene Metadata,,"PoE Class 4, DC",4,-40 °C to 60 °C (-40 °F to 140 °F),IP66/IP67/NEMA 4X,,,Forensic WDR/Lightfinder 2.0,√ / √ / √ / -,√ / √,√ / √ / FIPS 140-2 Level 2,,"PVC free, BFR/CFR free 7% bio-plastics 2% recycled plastics",Electronic image stabilization Shock detection Built-in wiper Edge-to-edge technology white LED,,,,,,
AXIS Q1656-BLE,Box cameras,AXIS Q16 Series,10,2688x1512 (4 MP),"1/1.8”, -, -",,,,,- / -,50/60,,,,,,,,√ / -,,,Deep learning processing unit,AXIS Object Analytics Audio detection AXIS Video Motion Detection AXIS Image Health Analytics AXIS Scene Metadata,,"PoE Class 4, DC",4,-40 °C to 60 °C (-40 °F to 140 °F),IP66/IP67/NEMA 4X,,,Forensic WDR/Lightfinder 2.0,√ / √ / √ / -,√ / √,√ / √ / FIPS 140-2 Level 2,,"PVC free, BFR/CFR free 7% bio-plastics 2% recycled plastics",Electronic image stabilization Shock detection Built-in wiper Edge-to-edge technology white LED,,,,,,
AXIS Q1656-BE,Box cameras,AXIS Q16 Series,10,2688x1512 (4 MP),"1/1.8”, -, -",,,,,- / -,50/60,,,,,,,,√ / -,,,Deep learning processing unit,AXIS Object Analytics Audio detection AXIS Video Motion Detection AXIS Image Health Analytics AXIS Scene Metadata,,"PoE Class 4, DC",4,-40 °C to 60 °C (-40 °F to 140 °F),IP66/IP67/NEMA 4X,,,Forensic WDR/Lightfinder 2.0,√ / √ / √ / -,- / -,√ / √ / FIPS 140-2 Level 2,,"PVC free, BFR/CFR free 5% bio-plastics",Electronic image stabilization Shock detection Edge-to-edge technology,,,,,,
AXIS P1518-LE,Box cameras,AXIS P15 Series,11,3840x2160 (8.3 MP),"8 MP: 1x 1/1.2'', 5.85 mm F1.5, 113.8° 2 MP: 1x 1/2.8'', 10.9 - 29 mm F1.7, 29°- 11°",,,,,8 MP: 0.05/0.00 2 MP: 0.06/0.00,8 MP: 25/30 2 MP: 50/60,,,,,,,,√ / -,,,Deep learning processing unit,AXIS Object Analytics AXIS Scene Metadata AXIS Video Motion Detection Audio Detection,,"PoE Class 4, DC",2/2,-40 °C to 60 °C (-40 °F to 140 °F),"IP66/IP67/NEMA 4X, IK10",,,Forensic WDR/Lightfinder 2.0,√ / √/ √ / -,√ / √,√ / √ / FIPS 140-3 Level 3,,"PVC free, BFR/CFR free 56% bio-plastics",Edge-to-edge technology Shock detection Low power mode Dynamic power moder Electronic image stabilization Traffic camera installation assistant,,,,,,
AXIS P1518-E,Box cameras,AXIS P15 Series,11,3840x2160 (8.3 MP),"8 MP: 1x 1/1.2'', 5.85 mm F1.5, 113.8° 2 MP: 1x 1/2.8'', 10.9 - 29 mm F1.7, 29°- 11°",,,,,8 MP: 0.05/0.01 2 MP: 0.06/0.01,8 MP: 25/30 2 MP: 50/60,,,,,,,,√ / -,,,Deep learning processing unit,AXIS Object Analytics AXIS Scene Metadata AXIS Video Motion Detection Audio Detection,,"PoE Class 4, DC",2/2,-40 °C to 60 °C (-40 °F to 140 °F),"IP66/IP67/NEMA 4X, IK10",,,Forensic WDR/Lightfinder 2.0,√ / √ / √ / -,- / -,√ / √ / FIPS 140-3 Level 3,,"PVC free, BFR/CFR free 56% bio-plastics",Edge-to-edge technology Shock detection Low power mode Dynamic power moder Electronic image stabilization Traffic camera installation assistant,,,,,,
AXIS P1388,Box cameras,AXIS P15 Series,11,3840x2160 (8.3 MP),"1/1.8"" 3.9 - 10 mm, F1.5 122° - 46°",,,,,0.15/0.03,50/60,,,,,,,,√ / √,,,Deep learning processing unit,AXIS Object Analytics Audio detection AXIS Video Motion Detection AXIS Image Health Analytics AXIS Live Privacy Shield AXIS Scene Metadata,,"PoE Class 3, DC",2/2,-10 °C to 55 °C (14 °F to 131 °F),-,,,Forensic WDR/Lightfinder 2.0,√ / √ / √ / -,- / -,√ / √ / FIPS 140-2 Level 2,,"PVC free, BFR/CFR free 3% bio-plastics",Edge-to-edge technology Shock detection Electronic image stabilization,,,,,,
AXIS P1388-B,Box cameras,AXIS P15 Series,11,3840x2160 (8.3 MP),"1/1.8"", -, -",,,,,- / -,50/60,,,,,,,,√ / √,,,Deep learning processing unit,AXIS Object Analytics Audio detection AXIS Video Motion Detection AXIS Image Health Analytics AXIS Live Privacy Shield AXIS Scene Metadata,,"PoE Class 3, DC",2/2,-10 °C to 55 °C (14 °F to 131 °F),-,,,Forensic WDR/Lightfinder 2.0,√ / √ / √ / -,- / -,√ / √ / FIPS 140-2 Level 2,,"PVC free, BFR/CFR free 3% bio-plastics",Edge-to-edge technology Shock detection Electronic image stabilization,,,,,,
AXIS P1387,Box cameras,AXIS P15 Series,11,2592x1944 (5 MP),"1/2.7” 2.8 - 13 mm, F1.4 112° - 24°",,,,,0.1/0.02,50/60,,,,,,,,√ / √,,,Deep learning processing unit,AXIS Object Analytics Audio detection AXIS Video Motion Detection AXIS Image Health Analytics AXIS Live Privacy Shield AXIS Scene Metadata,,"PoE Class 3, DC",2/2,-10 °C to 55 °C (14 °F to 131 °F),-,,,Forensic WDR/Lightfinder 2.0,√ / √ / √ / -,- / -,√ / √ / FIPS 140-2 Level 2,,"PVC free, BFR/CFR free 3% bio-plastics",Edge-to-edge technology Shock detection Electronic image stabilization,,,,,,
AXIS P1387-B,Box cameras,AXIS P15 Series,11,2592x1944 (5 MP),"1/2.7”, - , -",,,,,- / -,50/60,,,,,,,,√ / √,,,Deep learning processing unit,AXIS Object Analytics Audio detection AXIS Video Motion Detection AXIS Image Health Analytics AXIS Live Privacy Shield AXIS Scene Metadata,,"PoE Class 3, DC",2/2,-10 °C to 55 °C (14 °F to 131 °F),-,,,Forensic WDR/Lightfinder 2.0,√ / √ / √ / -,- / -,√ / √ / FIPS 140-2 Level 2,,"PVC free, BFR/CFR free 3% bio-plastics",Edge-to-edge technology Shock detection Electronic image stabilization,,,,,,
AXIS P1385,Box cameras,AXIS P13 Series,12,1920x1080 (2.1 MP),"1/2.8” 2.8 - 13 mm, F1.4 121° - 26°",,,,,0.05/0.01,50/60,,,,,,,,√ / √,,,Deep learning processing unit,AXIS Object Analytics Audio detection AXIS Video Motion Detection AXIS Image Health Analytics AXIS Live Privacy Shield AXIS Scene Metadata,,"PoE Class 3, DC",2/2,-10 °C to 55 °C (14 °F to 131 °F),-,,,Forensic WDR/Lightfinder 2.0,√ / √ / √ / -,- / -,√ / √ / FIPS 140-2 Level 2,,"PVC free, BFR/CFR free 3% bio-plastics",Edge-to-edge technology Shock detection Electronic image stabilization,,,,,,
AXIS P1385-B,Box cameras,AXIS P13 Series,12,1920x1080 (2.1 MP),"1/2.8”, - , -",,,,,- / -,50/60,,,,,,,,√ / √,,,Deep learning processing unit,AXIS Object Analytics Audio detection AXIS Video Motion Detection AXIS Image Health Analytics AXIS Live Privacy Shield AXIS Scene Metadata,,"PoE Class 3, DC",2/2,-10 °C to 55 °C (14 °F to 131 °F),-,,,Forensic WDR/Lightfinder 2.0,√ / √ / √ / -,- / -,√ / √ / FIPS 140-2 Level 2,,"PVC free, BFR/CFR free 3% bio-plastics",Edge-to-edge technology Shock detection Electronic image stabilization,,,,,,
AXIS P1388-LE,Box cameras,AXIS P13 Series,12,3840x2160 (8.3 MP),"1/1.8"" 3.9 - 10 mm, F1.5 122° - 46°",,,,,0.15/0.03,50/60,,,,,,,,√ / -,,,Deep learning processing unit,AXIS Object Analytics Audio detection AXIS Video Motion Detection AXIS Image Health Analytics AXIS Live Privacy Shield AXIS Scene Metadata,,"PoE Class 4, DC",2/2,-40 °C to 60 °C (-40 °F to 140 °F),"IP66/IP67/NEMA 4X, IK10",,,Forensic WDR/Lightfinder 2.0,√ / √ / √ / -,√ / √,√ / √ / FIPS 140-2 Level 2,,"PVC free, BFR/CFR free 36% bio-plastics",Edge-to-edge technology Shock detection Electronic image stabilization,,,,,,
AXIS P1388-BE,Box cameras,AXIS P13 Series,12,3840x2160 (8.3 MP),"1/1.8"", - , -",,,,,0.15/0.03,50/60,,,,,,,,√ / -,,,Deep learning processing unit,AXIS Object Analytics Audio detection AXIS Video Motion Detection AXIS Image Health Analytics AXIS Live Privacy Shield AXIS Scene Metadata,,"PoE class 4, DC PoE class 3 (with limited heater)",2/2,-40 °C to 60 °C (-40 °F to 140 °F),"IP66/IP67/NEMA 4X, IK10",,,Forensic WDR/Lightfinder 2.0,√ / √ / √ / -,- / -,√ / √/ FIPS 140-2 Level 2,,"PVC free, BFR/CFR free 36% bio-plastics",Edge-to-edge technology Shock detection Electronic image stabilization,,,,,,
AXIS P1387-LE,Box cameras,AXIS P13 Series,12,2592x1944 (5 MP),"1/2.7” 2.8 - 13 mm, F1.4 112° - 24°",,,,,0.1/0.02,50/60,,,,,,,,√ / -,,,Deep learning processing unit,AXIS Object Analytics Audio detection AXIS Video Motion Detection AXIS Image Health Analytics AXIS Live Privacy Shield AXIS Scene Metadata,,"PoE Class 4, DC",2/2,-40 °C to 60 °C (-40 °F to 140 °F),"IP66/IP67/NEMA 4X, IK10",,,Forensic WDR/Lightfinder 2.0,√ / √ / √ / -,√ / √,√ / √ / FIPS 140-2 Level 2,,"PVC free, BFR/CFR free 36% bio-plastics",Edge-to-edge technology Shock detection Electronic image stabilization,,,,,,
AXIS P1387-BE,Box cameras,AXIS P13 Series,12,2592x1944 (5 MP),"1/2.7”, - , -",,,,,0.1/0.02,50/60,,,,,,,,√ / -,,,Deep learning processing unit,AXIS Object Analytics Audio detection AXIS Video Motion Detection AXIS Image Health Analytics AXIS Live Privacy Shield AXIS Scene Metadata,,"PoE class 4, DC PoE class 3 (with limited heater)",2/2,-40 °C to 60 °C (-40 °F to 140 °F),"IP66/IP67/NEMA 4X, IK10",,,Forensic WDR/Lightfinder 2.0,√ / √ / √ / -,- / -,√ / √ / FIPS 140-2 Level 2,,"PVC free, BFR/CFR free 36% bio-plastics",Edge-to-edge technology Shock detection Electronic image stabilization,,,,,,
AXIS P1385-E,Box cameras,AXIS P13 Series,12,1920x1080 (2.1 MP),"1/2.8” 2.8 - 13 mm, F1.4 121° - 26°",,,,,0.05/0.01,50/60,,,,,,,,√ / -,,,Deep learning processing unit,AXIS Object Analytics Audio detection AXIS Video Motion Detection AXIS Image Health Analytics AXIS Live Privacy Shield AXIS Scene Metadata,,"PoE class 4, DC PoE class 3 (with limited heater)",2/2,-40 °C to 60 °C (-40 °F to 140 °F),"IP66/IP67/NEMA 4X, IK10",,,Forensic WDR/Lightfinder 2.0,√ / √ / √ / -,- / -,√ / √ / FIPS 140-2 Level 2,,"PVC free, BFR/CFR free 36% bio-plastics",Edge-to-edge technology Shock detection Electronic image stabilization,,,,,,
AXIS P1385-BE,Box cameras,AXIS P13 Series,12,1920x1080 (2.1 MP),"1/2.8”, - , -",,,,,0.05/0.01,50/60,,,,,,,,√ / -,,,Deep learning processing unit,AXIS Object Analytics Audio detection AXIS Video Motion Detection AXIS Image Health Analytics AXIS Live Privacy Shield AXIS Scene Metadata,,"PoE class 4, DC PoE class 3 (with limited heater)",2/2,-40 °C to 60 °C (-40 °F to 140 °F),"IP66/IP67/NEMA 4X, IK10",,,Forensic WDR/Lightfinder 2.0,√ / √ / √ / -,- / -,√ / √ / FIPS 140-2 Level 2,,"PVC free, BFR/CFR free 36% bio-plastics",Edge-to-edge technology Shock detection Electronic image stabilization,,,,,,
AXIS M1137 Mk II,Box cameras,AXIS M11 Series,13,2592x1944 (5 MP),"1/2.7"", 2.8 - 13 mm, F1.4, 112° - 24° 1/2.7'', i-CS lens 3.5 - 10 mm, F1.8, 99° - 31°",,,,,DC-iris: 0.17/0.03 i-CS: 0.19/0.04,25/30,,,,,,,,√ / √,,,Machine learning processing unit,AXIS Object Analytics AXIS Video Motion Detection Active tampering alarm AXIS Live Privacy Shield AXIS Scene Metadata,,"PoE Class 3, DC",1/1,-20 °C to 50 °C (-4 °F to 122 °F),-,,,Forensic WDR/Lightfinder,√ / √ / √ / -,- / -,√ / √ / √,,PVC free 20% recycled plastics,Edge-to-edge technology Remote zoom & focus with i-CS lens,,,,,,
AXIS M1137-E Mk II,Box cameras,AXIS M11 Series,13,2592x1944 (5 MP),"1/2.7"", 2.8 - 13 mm, F1.4, 112° - 24° 1/2.7'', i-CS lens 3.5 - 10 mm, F1.8, 99° - 31°",,,,,DC-iris: 0.17/0.03 i-CS: 0.19/0.04,25/30,,,,,,,,√ / -,,,Machine learning processing unit,AXIS Object Analytics AXIS Video Motion Detection Active tampering alarm AXIS Scene Metadata,,"PoE Class 3, DC",1/1,-25 °C to 50 °C (-13 °F to 122 °F),"IP66/NEMA 4X, IK10",,,Forensic WDR/Lightfinder,√ / √ / √ / -,- / -,√ / √ / √,,PVC free,Edge-to-edge technology Remote zoom & focus with i-CS lens,,,,,,
AXIS M1135 Mk II,Box cameras,AXIS M11 Series,13,1920x1080 (2.1 MP),"1/2.9"", 3 - 10.5 mm, F1.4, 90° - 33° 1/2.9"", i-CS lens 3.5 - 10 mm, F1.8, 101° - 33°",,,,,DC-iris: 0.15/0.03 i-CS: 0.17/0.03,25/30,,,,,,,,√ / √,,,Machine learning processing unit,AXIS Object Analytics AXIS Video Motion Detection Active tampering alarm AXIS Live Privacy Shield AXIS Scene Metadata,,"PoE Class 3, DC",1/1,-20 °C to 50 °C (-4 °F to 122 °F),-,,,Forensic WDR/Lightfinder,√ / √ / √ / -,- / -,√ / √ / √,,PVC free 20% recycled plastics,Edge-to-edge technology Remote zoom & focus with i-CS lens,,,,,,
AXIS M1135-E Mk II,Box cameras,AXIS M11 Series,13,1920x1080 (2.1 MP),"1/2.9"", 3 - 10.5 mm, F1.4, 90° - 33° 1/2.9"", i-CS lens 3.5 - 10 mm, F1.8, 101° - 33°",,,,,DC-iris: 0.15/0.03 i-CS: 0.17/0.03,25/30,,,,,,,,√ / -,,,Machine learning processing unit,AXIS Object Analytics AXIS Video Motion Detection Active tampering alarm AXIS Scene Metadata,,"PoE Class 3, DC",1/1,-25 °C to 50 °C (-13 °F to 122 °F),"IP66/NEMA 4X, IK10",,,Forensic WDR/Lightfinder,√ / √ / √ / -,- / -,√ / √ / √,,PVC free,Edge-to-edge technology Remote zoom & focus with i-CS lens,,,,,,
AXIS M1055-L,Box cameras,AXIS M11 Series,13,1920x1080 (2.1 MP),"1/2.9'' 3.16 mm, F2.0 103°",,,,,0.18/0.00,25/30,,,,,,,,- / -,,,Deep learning processing unit,AXIS Object Analytics AXIS Video Motion Detection Active tampering alarm AXIS Scene Metadata,,PoE Class 2,2,0 °C to 35 °C (32 °F to 95 °F),-,,,WDR/Lightfinder,√ / √ / √ / -,- / √,√ / √ / √,,"PVC free, BFR/CFR free 70% recycled plastics",Edge-to-edge technology,,,,,,
AXIS Q1809-LE,Bullet cameras,AXIS Q18 Series,14,7424x5568 (41 MP),"4/3”, 12 - 24 mm, F2.0-3.0, 90° - 44° 4/3”, 50 - 150 mm, F4.0, 21° - 7°",,,,,24 mm: 0.12/0.00 150 mm: 0.2/0.00,25/30,24 mm: 2x 150 mm: 3x,,,,,,,√ / -,,,Deep learning processing unit,Audio detection AXIS Video Motion Detection Active tampering alarm AXIS Scene Metadata,,"PoE Class 4, AC, DC PoE Class 6 (with PoE out)",2,-40 °C to 55 °C (-40 °F to 131 °F),"IP66/IP67/NEMA 4X, IK10",,,Dynamic Contrast/Lightfinder,√ / √ / √ / -,√ / √,√ / √ / FIPS 140-3 Level 3,,"PVC free, BFR/CFR free",Electronic image stabilization Shock detection Low power mode Dynamic power mode white LED for 12 - 24 mm Edge-to-edge technology,,,,,,
AXIS Q1808-LE,Bullet cameras,AXIS Q18 Series,14,3712x2784 (10.3 MP),"4/3”, 12 - 48 mm, F1.7 - 4.0, 90° - 21° 4/3”, 50 - 150 mm, F4.0, 21° - 7°",,,,,48 mm: 0.02/0.00 150 mm: 0.1/0.00,50/60,48 mm: 4x 150 mm: 3x,,,,,,,√ / -,,,Deep learning processing unit,AXIS Object Analytics AXIS Live Privacy Shield Audio detection AXIS Video Motion Detection AXIS Image Health Analytics AXIS Scene Metadata,,"PoE Class 4, AC, DC PoE Class 6 (with PoE out)",2,-40 °C to 60 °C (-40 °F to 140 °F),"IP66/IP67/NEMA 4X, IK10",,,Forensic WDR/Lightfinder 2.0,√ / √ / √ / -,√ / √,√ / √ / FIPS 140-2 Level 2,,"PVC free, BFR/CFR free",Electronic image stabilization Shock detection Low power mode Dynamic power mode white LED for 12 - 24 mm Edge-to-edge technology,,,,,,
AXIS Q1806-LE,Bullet cameras,AXIS Q18 Series,14,2880x1620 (4.7 MP),"1/1.8” 4.3 - 137 mm, F1.4 - 4.0 60° - 2.3°",,,,,0.08/0.00,90,32x,,,,,,,√ / -,,,Deep learning processing unit,AXIS Object Analytics AXIS Live Privacy Shield Audio detection AXIS Video Motion Detection AXIS Image Health Analytics AXIS Scene Metadata,,"PoE Class 4, AC, DC PoE Class 6 (with PoE out)",2,-40 °C to 60 °C (-40 °F to 140 °F),"IP66/IP67/NEMA 4X, IK10",,,Forensic WDR/Lightfinder 2.0,√ / √ / √ / -,√ / √,√ / √ / FIPS 140-2 Level 2,,"PVC free, BFR/CFR free",Electronic image stabilization Shock detection Low power mode Dynamic power mode white LED for 12 - 24 mm Edge-to-edge technology Traffic camera installation assistant,,,,,,
AXIS Q1805-LE,Bullet cameras,AXIS Q18 Series,14,1920x1080 (2.1 MP),"1/2.8” 4.3 - 137 mm, F1.4 - 4.0 60° - 2.3°",,,,,0.06/0.00,90,32x,,,,,,,√ / -,,,Deep learning processing unit,AXIS Object Analytics AXIS Live Privacy Shield Audio detection AXIS Video Motion Detection AXIS Image Health Analytics AXIS Scene Metadata,,"PoE Class 3 (no IR, no heaters) PoE Class 4, AC, DC PoE Class 6 (with PoE out)",2,-40 °C to 60 °C (-40 °F to 140 °F),"IP66/IP67/NEMA 4X, IK10",,,Forensic WDR/Lightfinder 2.0,√ / √ / √ / -,√ / √,√ / √ / FIPS 140-2 Level 2,,"PVC free, BFR/CFR free",Electronic image stabilization Shock detection Low power mode Dynamic power mode white LED for 12 - 24 mm Edge-to-edge technology Traffic camera installation assistant,,,,,,
AXIS Q1800-LE,Bullet cameras,AXIS Q18 Series,14,1920x1080 (2.1 MP),"1/2.8"" 7 - 137 mm, F1.5 - 4.0 38° - 2.3°",,,,,0.06/0.00,90,20x,,,,,,,√ / -,,,Deep learning processing unit,AXIS Object Analytics Audio detection AXIS Video Motion Detection Active tampering alarm,,"PoE Class 3 (no IR, no heaters) PoE Class 4, AC, DC PoE Class 6 (with PoE out)",2,-40 °C to 60 °C (-40 °F to 140 °F),"IP66/NEMA 4X, IK10",,,Forensic WDR/Lightfinder 2.0,√ / √ / √ / -,√ / √,√ / √ / FIPS 140-2 Level 2,,"PVC free, BFR/CFR free",Electronic image stabilization Shock detection Low power mode Dynamic power mode Traffic camera installation assistant Support for third-party LPR analytics,,,,,,
AXIS Q1800-LE-3,Bullet cameras,AXIS Q18 Series,14,1920x1080 (2.1 MP),"1/2.8"" 7 - 137 mm, F1.5 - 4.0 38° - 2.3°",,,,,0.06/0.00,90,20x,,,,,,,√ / -,,,Deep learning processing unit,AXIS License Plate Verifier Audio detection AXIS Video Motion Detection Active tampering alarm,,"PoE Class 3 (no IR, no heaters) PoE Class 4, AC, DC PoE Class 6 (with PoE out)",2,-40 °C to 60 °C (-40 °F to 140 °F),"IP66/NEMA 4X, IK10",,,Forensic WDR/Lightfinder 2.0,√ / √ / √ / -,√ / √,√ / √ / FIPS 140-2 Level 2,,"PVC free, BFR/CFR free",Electronic image stabilization Shock detection Low power mode Dynamic power mode Preinstalled ALPV Traffic camera installation assistant,,,,,,
AXIS P1488-LE,Bullet cameras,AXIS P14 Series,15,3840x2160 (8.3 MP),"1/1.2” 5.9 - 13.8 mm, F1.5 - 2.8 114°- 46°",,,,,0.06/0.00,50/60,2.35x,,,,,,,√ / -,,,Deep learning processing unit,AXIS Object Analytics AXIS Video Motion Detection AXIS Image Health Analytics AXIS Scene Metadata AXIS Live Privacy Shield,,"PoE Class 3, DC",1/1,-40 °C to 60 °C (-40 °F to 140 °F),"IP66/IP67/NEMA 4X, IK10",,,Forensic WDR/Lightfinder 2.0,√ / √ / √ / √,√ / √,√ / √ / FIPS 140-2 Level 3,,"PVC free, BFR/CFR free",Electronic image stabilization Edge-to-edge technology Shock detection,,,,,,
AXIS P1487-LE,Bullet cameras,AXIS P14 Series,15,2592x1944 (5 MP),"1/2.8” 3 - 8.5 mm, F1.36 - 2.58 106° - 35°",,,,,0.09/0.00,25/30,2.86x,,,,,,,√ / -,,,Deep learning processing unit,AXIS Object Analytics AXIS Video Motion Detection AXIS Image Health Analytics AXIS Scene Metadata AXIS Live Privacy Shield,,"PoE Class 3, DC",1/1,-40 °C to 60 °C (-40 °F to 140 °F),"IP66/IP67/NEMA 4X, IK10",,,Forensic WDR/Lightfinder 2.0,√ / √ / √ / √,√ / √,√ / √ / FIPS 140-2 Level 3,,"PVC free, BFR/CFR free",Electronic image stabilization Edge-to-edge technology Shock detection,,,,,,
AXIS P1486-LE,Bullet cameras,AXIS P14 Series,15,2048x1536 (3 MP),"1/1.8'' 10 - 40 mm, F1.3 - 1.4 42˚ - 11˚",,,,,0.02/0.00,3 MP 50/60 fps 720p 200 fps 1024x768 270fps,4x,,,,,,,√ / -,,,Deep learning processing unit,AXIS Object Analytics AXIS Video Motion Detection AXIS Image Health Analytics AXIS Scene Metadata AXIS Live Privacy Shield,,"PoE Class 3, DC",1/1,-40 °C to 60 °C (-40 °F to 140 °F),"IP66/IP67/NEMA 4X, IK10",,,Forensic WDR/Lightfinder 2.0,√ / √ / √ / √,√ / √,√ / √ / FIPS 140-2 Level 3,,"PVC free, BFR/CFR free",Electronic image stabilization Global shutter image sensor Continuous and strobing IR illumination Sync out signal,,,,,,
AXIS P1486-LE Kit,Bullet cameras,AXIS P14 Series,15,2048x1536 (3 MP),"1/1.8'' 10 - 40 mm, F1.3 - 1.4 42˚ - 11˚",,,,,0.02/0.00,3 MP 50/60 fps 720p 200 fps 1024x768 270 fps,4x,,,,,,,√ / -,,,Deep learning processing unit,AXIS License Plate Verifier Audio detection AXIS Video Motion Detection AXIS Image Health Analytics,,"PoE Class 3, DC",1/1,-40 °C to 60 °C (-40 °F to 140 °F),"IP66/IP67/NEMA 4X, IK10",,,Forensic WDR/Lightfinder 2.0,√ / √ / √ / √,√ / √,√ / √ / FIPS 140-2 Level 3,,"PVC free, BFR/CFR free",Electronic image stabilization Global shutter image sensor Continuous and strobing IR illumination Sync out signal Preinstalled ALPV Traffic camera installation assitant,,,,,,
AXIS P1485-LE,Bullet cameras,AXIS P14 Series,15,1920x1080 (2.1 MP),"1/2.8” 10.8 - 28.2 mm, F1.7 - 1.76 29.4° - 11°",,,,,0.06/0.00,50/60,2.61x,,,,,,,√ / -,,,Deep learning processing unit,AXIS Object Analytics AXIS Video Motion Detection AXIS Image Health Analytics AXIS Scene Metadata AXIS Live Privacy Shield,,"PoE Class 3, DC",1/1,-40 °C to 60 °C (-40 °F to 140 °F),"IP66/IP67/NEMA 4X, IK10",,,Forensic WDR/Lightfinder 2.0,√ / √ / √ / √,√ / √,√ / √ / FIPS 140-2 Level 3,,"PVC free, BFR/CFR free",Electronic Image Stabilization Edge-to-edge technology Shock detection,,,,,,
AXIS P1485-LE Kit,Bullet cameras,AXIS P14 Series,15,1920x1080 (2.1 MP),"1/2.8” 10.8 - 28.2 mm, F1.7 - 1.76 29.4° - 11°",,,,,0.06/0.00,50/60,2.61x,,,,,,,√ / -,,,Deep learning processing unit,AXIS License Plate Verifier Audio detection AXIS Video Motion Detection AXIS Image Health Analytics,,"PoE Class 3, DC",1/1,-40 °C to 60 °C (-40 °F to 140 °F),"IP66/IP67/NEMA 4X, IK10",,,Forensic WDR/Lightfinder 2.0,√ / √ / √ / √,√ / √,√ / √ / FIPS 140-2 Level 3,,"PVC free, BFR/CFR free",Electronic image stabilization Edge-to-edge technology Shock detection Preinstalled ALPV Traffic camera installation assitant,,,,,,
AXIS P1475-LE,Bullet cameras,AXIS P14 Series,15,1920x1080 (2.1 MP),"1/1.2"" 3.1 - 9 mm, F1.6 - 2.9 117˚ - 36˚",,,,,0.06/0.00,50/60,2.91,,,,,,,√ / -,,,Deep learning processing unit,AXIS Object Analytics AXIS Video Motion Detection AXIS Image Health Analytics AXIS Scene Metadata AXIS Live Privacy Shield,,PoE Class 3,1/1,-40 °C to 60 °C (-40 °F to 140 °F),"IP66/IP67/NEMA 4X, IK10",,,Forensic WDR/Lightfinder 2.0,√ / √ / √ / √,√ / √,√ / √ / FIPS 140-2 Level 3,,"PVC free, BFR/CFR free",Electronic Image Stabilization Edge-to-edge technology Shock detection,,,,,,
AXIS M2048-LE,Bullet cameras,AXIS P14 Series,15,3840x2160 (8.3 MP),"1/1.8 3.7 mm, F2.0 126°",,,,,0.18/0.00,12.5/15,-,,,,,,,√ / -,,,Deep learning processing unit,AXIS Object Analytics AXIS Video Motion Detection AXIS Image Health Analytics Active tampering alarm AXIS Scene Metadata,,PoE Class 3,- / -,-30 °C to 55 °C (-22 °F to 131 °F),"IP66/IP67/NEMA 4X, IK08",,,Forensic WDR/Lightfinder,√ / √ / √ / -,- / √,√ / √ / √,,"PVC free, BFR/CFR free",Edge-to-edge technology Direct installation view via Bluetoooth* Power meter,,,,,,
AXIS M2036-LE,Bullet cameras,AXIS P14 Series,15,2668x1512 (4 MP),"1/2.7” 2.4 mm, F2.1 129°",,,,,0.18/0.00,25/30,-,,,,,,,√ / -,,,Deep learning processing unit,AXIS Object Analytics AXIS Video Motion Detection Active tampering alarm AXIS Scene Metadata AXIS Live Privacy Shield,,PoE Class 3,- / -,-30 °C to 50 °C (-22 °F to 122 °F),"IP66/IP67/NEMA 4X, IK08",,,WDR/Lightfinder,√ / √ / √ / -,- / √,√ / √ / √,,"PVC free, BFR/CFR free",Edge-to-edge technology,,,,,,
AXIS M2035-LE,Bullet cameras,AXIS P14 Series,15,1920x1080 (2.1 MP),"1/2.9”, 3.2 mm, F1.4, 101° 1/2.9”, 7.5 mm, F1.6, 39°",,,,,3.2 mm: 0.16/0.00 7.5 mm: 0.17/0.00,25/30,-,,,,,,,√ / -,,,Deep learning processing unit,AXIS Object Analytics AXIS Video Motion Detection Active tampering alarm AXIS Scene Metadata AXIS Live Privacy Shield,,PoE Class 3,- / -,-30 °C to 50 °C (-22 °F to 122 °F),"IP66/IP67/NEMA 4X, IK08",,,WDR/Lightfinder,√ / √ / √ / -,- / √,√ / √ / √,,"PVC free, BFR/CFR free",Edge-to-edge technology,,,,,,
AXIS P1275 Mk II,Modular cameras,AXIS P12 Series,16,1920x1080 (2.1 MP),"1/2.9"" 2.8 - 6mm. F2.0 99 - 35°",,,,,0.2/-,25/30,,,,,-,-,,- / -,,,,AXIS Object Analytics AXIS Scene Metadata,,PoE Class 2,- / -,-20 °C to 45 °C (-4 °F to 113 °F),-,,,Forensic Capture / -,√ / √ / √,- / -,√ / √ / √,,PVC free,-,,,,,,
AXIS P1265 Mk II,Modular cameras,AXIS P12 Series,16,1920x1080 (2.1 MP),"1/2.9"" 3.7mm, F2.5 91°",,,,,0.2/-,25/30,,,,,-,-,,- / -,,,,AXIS Object Analytics AXIS Scene Metadata,,PoE Class 2,- / -,-20 °C to 45 °C (-4 °F to 113 °F),-,,,Forensic Capture / -,√ / √ / √,- / -,√ / √ / √,,PVC free,-,,,,,,
AXIS P1245 Mk II,Modular cameras,AXIS P12 Series,16,1920 x1080 (2.1 MP),"1/2 9"" 2.8mm, F2.0 111°",,,,,0.2/-,25/30,,,,,-,-,,- / -,,,,AXIS Object Analytics AXIS Scene Metadata,,PoE Class 2,- / -,-20 °C to 45 °C (-4 °F to 113 °F),-,,,Forensic Capture / -,√ / √ / √,- / -,√ / √ / √,,PVC free,Exchangable lenses,,,,,,
AXIS F9104-B Mk II,Modular cameras,AXIS P12 Series,16,3840x2160 (4K),-,,,,,-,60,,,,,,,,- / -,,,,AXIS Object Analytics Active tampering alarm AXIS Scene Metadata,,"PoE Class 4, DC",- / -,-40 °C to 60 °C (-40 °F to 140 °F),-,,,Forensic WDR / -,√ / √ / √,- / -,√ / - / √,,PVC free,Group view Supports 4 sensor units,,,,,,
AXIS F9111-R Mk II,Modular cameras,AXIS P12 Series,16,3840x2160 (4K),-,,,,,-,180,,,,,,,,√ / -,,,,AXIS Object Analytics Active tampering alarm AXIS Scene Metadata,,"PoE Class 4, DC",4,-40 °C to 60 °C (-40 °F to 140 °F),-,,,Forensic WDR / -,√ / √ / √,- / -,√ / - / √,,PVC free,Ignition control,,,,,,
AXIS F9114-R Mk II,Modular cameras,AXIS P12 Series,16,3840x2160 (4K),-,,,,,-,60,,,,,,,,√ / -,,,,AXIS Object Analytics Active tampering alarm AXIS Scene Metadata,,"PoE Class 4, DC",4,-40 °C to 60 °C (-40 °F to 140 °F),-,,,Forensic WDR / -,√ / √ / √,- / -,√ / - / √,,PVC free,Ignition control Group view Supports 4 sensor units,,,,,,
AXIS F9114-B Mk II,Modular cameras,AXIS P12 Series,16,3840x2160 (4K),-,,,,,-,60,,,,,,,,√ / -,,,,AXIS Object Analytics Active tampering alarm AXIS Scene Metadata,,"PoE Class 4, DC",4,-40 to 60 °C (-40 °F to 140 °F),-,,,Forensic WDR / -,√ / √ / √,- / -,√ / - / √,,PVC free,Group view Supports 4 sensor units,,,,,,
AXIS F2105-RE,Modular cameras,AXIS F Series,17,,"1/2.8” 3 mm, F2.0 108°",,,,,0.1 / -,See AXIS F91XX Main Units,,,,,,,,- / -,,,,-,,-,- / -,-40 °C to 60 °C (-40 °F to 140 °F),IP66/IP67/IP6K9K,,,Forensic WDR/ Lightfinder,- / - / -,- / -,- / - / -,,"PVC free, BFR/CFR free",Exchangable lenses,,,,,,
AXIS F2107-RE,Modular cameras,AXIS F Series,17,,"1/2.78"" 2.8 mm, F2.2 110°",,,,,0.25 / -,See AXIS F91XX Main Units,,,,,,,,- / -,,,,-,,-,- / -,-40 °C to 60 °C (-40 °F to 140 °F),IP66/IP67/IP6K9K,,,Forensic WDR/ Lightfinder,- / - / -,- / -,- / - / -,,"PVC free, BFR/CFR free",-,,,,,,
AXIS F2108,Modular cameras,AXIS F Series,17,,"1/2.9” 4.3 mm, F1.8 110°",,,,,0.4 / -,See AXIS F91XX Main Units,,,,,,,,- / -,,,,-,,-,- / -,-20 °C to 50 °C (-4 °F to 122 °F),-,,,Forensic WDR/ Lightfinder,- / - / -,- / -,- / - / -,,"PVC free, BFR/CFR free",-,,,,,,
AXIS F2115-R,Modular cameras,AXIS F Series,17,,"1/2.8"" 3.2 - 5.7 mm, F2.2 - F3.1 107° - 56°",,,,,0.1 / -,See AXIS F91XX Main Units,,,,,,,,- / -,,,,-,,-,- / -,-40 °C to 60 °C (-40 °F to 140 °F),IP5X,,,Forensic WDR/ Lightfinder,- / - / -,- / -,- / - / -,,"PVC free, BFR/CFR free",-,,,,,,
AXIS F2135-RE,Modular cameras,AXIS F Series,17,,"1/2.8"" 1.98 mm, F2.0 185°",,,,,0.1 / -,See AXIS F91XX Main Units,,,,,,,,- / -,,,,-,,-,- / -,-40 °C to 60 °C (-40 °F to 140 °F),IP66/IP67/IP6K9K,,,Forensic WDR/ Lightfinder,- / - / -,- /-,- / - / -,,"PVC free, BFR/CFR free",-,,,,,,
AXIS F2137-RE,Modular cameras,AXIS F Series,17,,"1/2.78"" 1.98 mm, F2.0 185°",,,,,0.25 / -,See AXIS F91XX Main Units,,,,,,,,- / -,,,,-,,-,- / -,-40 °C to 60 °C (-40 °F to 140 °F),IP66/IP67/IP6K9K,,,Forensic WDR/ Lightfinder,- / - / -,- /-,- / - / -,,"PVC free, BFR/CFR free",-,,,,,,
AXIS F2180-TE,Modular cameras,AXIS F Series,17,,"Uncooled microbolometer Athermalized lens F1.1, 57° F1.1, 95°",,,,,- / -,8.3,,,,,,,,- / -,,,,-,,-,- / -,-10 °C to 60 °C (14 °F to 140 °F),IP66/IP67/IP6K96,,,- / -,- / -,- / -,- / - / -,,"PVC free, BFR/CFR free",Spot temperature reading Polygonal detection areas,,,,,,
AXIS F4108,Modular cameras,AXIS F Series,17,,"1/2.9” 4.3 mm, F1.8 107°",,,,,0.5 / -,See AXIS F91XX Main Units,,,,,,,,- / -,,,,-,,-,- / -,-20 °C to 50 °C (-4 °F to 122 °F),IP42,,,Forensic WDR/ Lightfinder,- / - / -,- / -,- / - / -,,"PVC free, BFR/CFR free",-,,,,,,
AXIS F4105-SLRE,Modular cameras,AXIS F Series,17,,"1/2.8"" 2.8 mm, F1.6 110°",,,,,0.3,See AXIS F91XX Main Units,,,,,,,,- / -,,,,-,,-,- / -,-30 °C to 55 °C (-22 °F to 131 °F),"IP66/IP67/IP69 NEMA 4X/NSF/ANSI Standard 169, IK10",,,Forensic WDR/ Lightfinder,- / - / -,- / √,- / - / -,,"PVC free, BFR/CFR free",Exchangable lenses,,,,,,
AXIS F4105-LRE,Modular cameras,AXIS F Series,17,,"1/2.8"" 2.8 mm, F1.6 110°",,,,,0.3,See AXIS F91XX Main Units,,,,,,,,- / -,,,,-,,-,- / -,-30 °C to 55 °C (-22 °F to 131 °F),IP66/IP67/IP6K9K IK10,,,Forensic WDR/ Lightfinder,- / - / -,- / √,- / - / -,,"PVC free, BFR/CFR free",Exchangable lenses,,,,,,
AXIS F7225-RE,Modular cameras,AXIS F Series,17,,"1/2.8"" 3.7 mm, F2.5 97°",,,,,0.3 / -,See AXIS F91XX Main Units,,,,,,,,- / -,,,,-,,-,- / -,-30 °C to 55 °C (-22 °F to 131 °F),IP66/IP67,,,Forensic WDR/ Lightfinder,- / - / -,- / -,- / - / -,,"PVC free, BFR/CFR free",-,,,,,,
AXIS FA54,Modular cameras,AXIS FA Series,18,1920x1080 (2.1 MP),-,,,,,-,25/30,,,,,,,,√ / -,,,,Audio detection AXIS Video Motion Detection Active tampering alarm,,DC,4,0 °C to 45 °C (32 °F to 113 °F),-,,,Forensic WDR / -,√ / √ / -,- / -,- / - / -,,PVC free,Supports 4 sensor units 2x memory card slots HDMI Quad view,,,,,,
AXIS FA51-B,Modular cameras,AXIS FA Series,18,1920x1080 (2.1 MP),-,,,,,-,25/30,,,,,,,,- / -,,,,AXIS Guard Suite AXIS Video Motion Detection AXIS Face Detector Active tampering alarm,,PoE Class 3,2,-20 °C to 50 °C (-4 °F to 122 °F),-,,,Forensic WDR / -,√ / √ / -,- / -,√ / - / √,,"PVC free, BFR/CFR free",Supports 1 sensor unit Memory card slot HDMI,,,,,,
AXIS FA51,Modular cameras,AXIS FA Series,18,1920x1080 (2.1 MP),-,,,,,-,25/30,,,,,,,,- / -,,,,AXIS Guard Suite AXIS Video Motion Detection AXIS Face Detector Active tampering alarm,,PoE Class 3,2,-20 °C to 50 °C (-4 °F to 122 °F),-,,,Forensic WDR / -,√ / √ / -,- / -,√ / - / √,,"PVC free, BFR/CFR free",Barebone Supports 1 sensor unit Memory card slot HDMI,,,,,,
AXIS FA41151,Modular cameras,AXIS FA Series,18,1920x1080 (2.1 MP),"1/3” 2.8 - 6.0 mm, F2.0 99° - 53°",,,,,0.2 / -,25/30,,,,,,,,- / -,,,,-,,-,- / -,-20 °C to 50 °C (-4 °F to 122 °F),-,,,Forensic WDR / -,- / - / -,- / -,- / - / -,,PVC free,-,,,,,,
AXIS FA3105-L1,Modular cameras,AXIS FA Series,18,1920x1080 (2.1 MP),"1/3” 3.13 mm, F2.0 103°",,,,,0.2 / -,25/30,,,,,,,,- / -,,,,-,,-,- / -,-20 °C to 50 °C (-4 °F to 122 °F),-,,,Forensic WDR / -,- / - / -,- / √,- / - / -,,PVC free,-,,,,,,
AXIS FA11251,Modular cameras,AXIS FA Series,18,1920x1080 (2.1 MP),"1/3” 3.7 mm, F2.5 91°",,,,,0.25 / -,25/30,,,,,,,,- / -,,,,-,,-,- / -,-20 °C to 50 °C (-4 °F to 122 °F),-,,,Forensic WDR / -,- / - / -,- / -,- / - / -,,PVC free,-,,,,,,
AXIS FA11051,Modular cameras,AXIS FA Series,18,1920x1080 (2.1 MP),"1/3” 2.8 mm, F2.0 111°",,,,,0.2 / -,25/30,,,,,,,,- / -,,,,-,,-,- / -,-20 °C to 50 °C (-4 °F to 122 °F),-,,,Forensic WDR / -,- / - / -,- / -,- / - / -,,PVC free,Exchangable lenses,,,,,,
AXIS Q9307-LV,Dome cameras,AXIS Q36 Series,19,2592x1944 (5 MP),"1/2.7” 3 - 8 mm, F1.3 104° - 40°",,,,,0.13/0.00,25/30,,,,,,,,√ / 4,,,Deep learning processing unit,AXIS Object Analytics Audio detection AXIS Video Motion Detection AXIS Image Health Analytics AXIS Live Privacy Shield AXIS Scene Metadata Coughing fit and stressed voice detection,,PoE Class 4,1/1,Temperature: 0 °C to 40 °C (32 °F to 104 °F),IP44- and IK08-rated,,,Forensic WDR/ Lightfinder 2.0,√ / √ / √ / -,√ / √,√ / √ / √,,PVC free,Two-way audio Echo cancellation Chemical resistant casing LED Indicators,,,,,,
AXIS Q9227-SLV,Dome cameras,AXIS Q36 Series,19,2880x2160 (5 MP),"1/1.7” 3.7 mm, F2.0 115°",,,,,0.06/0.00,25/30,,,,,,,,√ / √,,,Deep learning processing unit,AXIS Object Analytics AXIS Audio Analytics AXIS Video Motion Detection AXIS Image Health Analytics AXIS Live Privacy Shield AXIS Scene Metadata,,PoE Class 3,1/1,-20 °C to 50 °C (-4 °F to 122 °F),"IP66/IP6K9K/NEMA 4X, IK11",,,Forensic WDR/ Lightfinder 2.0,√ / √ / √ / -,√ */ √,√ / √ / √,,"PVC free, BFR/CFR free",White LED Indication LED Built-in speaker On/off switch,,,,,,
AXIS Q3628-VE,Dome cameras,AXIS Q36 Series,19,3840x2160 (8.3 MP),"1/1.2” 6.2-12.9 mm, F1.6 - 2.9 103° - 48°",,,,,0.07/0.01,50/60,,,,,,,,√ / -,,,Deep learning processing unit,AXIS Object Analytics Audio detection AXIS Video Motion Detection AXIS Image Health Analytics AXIS Live Privacy Shield AXIS Scene Metadata,,"PoE Class 4, DC",2,-50 °C to 55 °C (-58 °F to 131 °F),"IP66/NEMA 250 Type 4X/NEMA TS 2 (2.2.7-2.2.9), IK10, IP6K9K",,,Forensic WDR/ Lightfinder 2.0,√ / √ / √ / -,- / -,√ / √ / FIPS 140-2 Level 2,,"PVC free, BFR/CFR free 62% bio-plastics 2% recycled plastics",Electronic image stabilization Shock detection Pan-tilt-roll-zoom (PTRZ),,,,,,
AXIS Q3626-VE,Dome cameras,AXIS Q36 Series,19,2688x1512 (4.1 MP),"1/1.8"" 4.3 - 8-6 mm, F1.5 - 2.4 103° - 52°",,,,,0.06/0.01,50/60,,,,,,,,√ / -,,,Deep learning processing unit,AXIS Object Analytics Audio detection AXIS Video Motion Detection AXIS Image Health Analytics AXIS Live Privacy Shield AXIS Scene Metadata,,"PoE Class 4, DC",2,-50 °C to 55 °C (-58 °F to 131 °F),"IP66/NEMA 250 Type 4X/NEMA TS 2 (2.2.7-2.2.9), IK10, IP6K9K",,,Forensic WDR/ Lightfinder 2.0,√ / √ / √ / -,- / -,√ / √ / FIPS 140-2 Level 2,,"PVC free, BFR/CFR free 62% bio-plastics 2% recycled plastics",Electronic image stabilization Shock detection Pan-tilt-roll-zoom (PTRZ),,,,,,
AXIS Q3558-LVE,Dome cameras,AXIS Q36 Series,19,3840x2160 (8.3 MP),"1/1.2"" 6.3 - 13 mm, F1.5 - 2.9 104° - 48°",,,,,0.04/0.00,50/60,,,,,,,,- / - Acoustic sensor,,,Deep learning processing unit,AXIS Object Analytics AXIS Audio Analytics AXIS Video Motion Detection AXIS Image Health Analytics AXIS Live Privacy Shield AXIS Scene Metadata,,"PoE Class 4, DC",2,-50 °C to 55 °C (-58 °F to 131 °F),IP66/NEMA 250 Type 4X/NEMA TS 2 (2.2.7-2.2.9),,,Forensic WDR/ Lightfinder 2.0,√ / √ / √ / √,√ / √,√ / √ / FIPS 140-3,,"PVC free, BFR/CFR free",Electronic image stabilization Shock detection,,,,,,
AXIS Q3556-LVE,Dome cameras,AXIS Q36 Series,19,2688x1512 (4.1 MP),"1/1.8"" 4.7 - 10 mm, F1.1 - 1.2 101° - 44°",,,,,0.01/0.00,100/120,,,,,,,,- / - Acoustic sensor,,,Deep learning processing unit,AXIS Object Analytics AXIS Audio Analytics AXIS Video Motion Detection AXIS Image Health Analytics AXIS Live Privacy Shield AXIS Scene Metadata,,"PoE Class 4, DC",2,-50 °C to 55 °C (-58 °F to 131 °F),"IP66/NEMA 250 Type 4X/NEMA TS 2 (2.2.7-2.2.9), IK10, IP6K9K",,,Forensic WDR/ Lightfinder 2.0,√ / √ / √ / √,√ / √,√ / √ / FIPS 140-3,,"PVC free, BFR/CFR free",Electronic image stabilization Shock detection,,,,,,
AXIS Q3548-LVE,Dome cameras,AXIS Q36 Series,19,3840x2160 (8.3 MP),"1/1.2"" 6.3 - 13 mm, F1.5 - 2.9 104° - 48°",,,,,0.04/0.00,50/60,,,,,,,,√ / -,,,Deep learning processing unit,AXIS Object Analytics Audio detection AXIS Video Motion Detection AXIS Image Health Analytics AXIS Live Privacy Shield AXIS Scene Metadata,,"PoE Class 4, DC",2,-50 °C to 55 °C (-58 °F to 131 °F),"IP66/NEMA 250 Type 4X/NEMA TS 2 (2.2.7-2.2.9), IK10, IP6K9K",,,Forensic WDR/ Lightfinder 2.0,√ / √ / √ / √,√ / √,√ / √ / FIPS 140-3,,"PVC free, BFR/CFR free",Electronic image stabilization Shock detection,,,,,,
AXIS Q3546-LVE,Dome cameras,AXIS Q36 Series,19,2688x1512 (4.1 MP),"1/1.8"" 4.7 -10 mm, F1.1 - 1.2 101° - 44°",,,,,0.01/0.00,100/120,,,,,,,,√ / -,,,Deep learning processing unit,AXIS Object Analytics Audio detection AXIS Video Motion Detection AXIS Image Health Analytics AXIS Live Privacy Shield AXIS Scene Metadata,,"PoE Class 4, DC",2,-50 °C to 55 °C (-58 °F to 131 °F),"IP66/NEMA 250 Type 4X/NEMA TS 2 (2.2.7-2.2.9), IK10, IP6K9K",,,Forensic WDR/ Lightfinder 2.0,√ / √ / √ / √,√ / √,√ / √ / FIPS 140-3,,"PVC free, BFR/CFR free",Electronic image stabilization Shock detection,,,,,,
AXIS Q3538-SLVE,Dome cameras,AXIS Q36 Series,19,3840x2160 (8.3 MP),"1/1.2” 6.2 -12.9 mm, F1.6 - 2.9 103° - 49°",,,,,0.07/0.00,50/60,,,,,,,,√ / -,,,Deep learning processing unit,AXIS Object Analytics Audio detection AXIS Video Motion Detection AXIS Image Health Analytics AXIS Live Privacy Shield AXIS Scene Metadata,,"PoE Class 4, DC",2,-50 °C to 55 °C (-58 °F to 131 °F),"NSF/ANSI Standard 169, DNV IP66/NEMA 250 Type 4X/NEMA TS 2 (2.2.7-2.2.9), IK10+, IP6K9K",,,Forensic WDR/ Lightfinder 2.0,√ / √ / √,√ / √,√ / √ / FIPS 140-2 Level 2,,PVC free,Electronic image stabilization Shock detection,,,,,,
AXIS P9117-PV,Dome cameras,AXIS P39 Series,20,2160x2160 (6 MP),"1/1.8” 1.1 mm, F2.2 182°",,,,,0.16/0.03,50/60,,,,,,,,√ / √,,,Deep learning processing unit,AXIS Object Analytics AXIS Video Motion Detection Active tampering alarm AXIS Scene Metadata AXIS Audio Analytics Elevator door state detector,,PoE Class 3,- / -,-15 °C to 50 °C (5 °F to 122 °F),"IP66 (Indoor only), IK10",,,Forensic WDR/Lightfinder,√ / √ / √ / -,- / -,√ / √ / √,,PVC free,PoE over 2-wire,,,,,,
AXIS P3935-LR,Dome cameras,AXIS P39 Series,20,1920x1080 (2.1 MP),"1/2.9” 2.8 mm, F1.6 110°",,,,,0.06/0.01,25/30,,,,,,,,√ / √,,,-,AXIS Guard Suite Blocked view detection Audio detection AXIS Video Motion Detection Active tampering alarm,,PoE Class 3,1/1,Normal: -40 °C to 55 °C (-40 °F to 131°F) Maximum (intermittent): 70 °C (158 °F),"IP66/IP67/NEMA 4X (Indoor only), NFPA 130 complicance, EN45545, EN50155, IK10",,,Forensic WDR/Lightfinder,√ / √ / √ / -,- / √,√ / - / -,,PVC free,Electronic image stabilization Shock detection Suited for indoor onboard surveillance,,,,,,
AXIS P3925-R,Dome cameras,AXIS P39 Series,20,1920x1080 (2.1 MP),"1/2.9” 2.8 mm, F1.6 110°",,,,,0.06/0.01,25/30,,,,,,,,- / -,,,-,AXIS Guard Suite Blocked view detection AXIS Video Motion Detection Active tampering alarm,,PoE Class 2,- / -,Normal: -40 °C to 55 °C (-40° F to 131°F) Maximum (intermittent): 70 °C (158 °F),"IP66/IP67/NEMA 4X (Indoor only), NFPA 130 complicance, EN45545, EN50155 IK10",,,Forensic WDR/Lightfinder,√ / √ / √ / -,- / -,√ / - / -,,PVC free,Electronic image stabilizationn Shock detection Suited for indoor onboard surveillance,,,,,,
AXIS P3925-LRE,Dome cameras,AXIS P39 Series,20,1920x1080 (2.1 MP),"1/2.9” 6.0 mm, F1.9 56°",,,,,0.07/0.02,25/30,,,,,,,,- / -,,,-,AXIS Guard Suite AXIS Video Motion Detection,,PoE Class 3,- / -,Normal: -40 °C to 55°C (-40 °F to 131°F) Maximum (intermittent): 70 °C (158 °F),"IP66/IP67/IP6K9K/NEMA 4X, EN45545, EN50155 IK10+",,,Forensic WDR/Lightfinder,√ / √ / √ / -,- / √,√ / - / -,,PVC free,Electronic image stabilization Shock detection Suited for exterior onboard monitoring,,,,,,
AXIS P3905-R Mk III,Dome cameras,AXIS P39 Series,20,1920x1080 (2.1 MP),"1/2.9”, 3.6 mm, F2.0, 88° 1/2.9”, 2.8 mm, F1.5, 107°",,,,,0.13/-,25/30,,,,,,,,- / -,,,-,AXIS Guard Suite AXIS Video Motion Detection Active tampering alarm,,PoE Class 1,- / -,Normal: -30 °C to 55 °C (-22 °F to 131 °F) Maximum (intermittent): 70 °C (158 °F),"P66/IP67/NEMA 4X (Indoor only), EN45545, EN50155 IK10",,,Forensic WDR/Lightfinder,√ / √ / √ / -,- / -,√ / √ / √,,"PVC free, BFR/CFR free",Suited for indoor onboard surveillance,,,,,,
AXIS P3288-LVE,Dome cameras,AXIS P32 Series,21,3840x2160 (8.3 MP),"1/1.8” 4.4 - 14.6 mm, F1.65 - 3.65 103°- 29°",,,,,0.11/0.00,25/30,,,,,,,,- / - Acoustic sensor,,,Deep learning processing unit,AXIS Object Analytics AXIS Audio Analytics AXIS Video Motion Detection AXIS Image Health Analytics AXIS Live Privacy Shield AXIS Scene Metadata,,PoE Class 3,1/1,-40 °C to 50 °C (-40 °F to 122 °F),"IP66/IP67/NEMA 250 Type 4X/ NEMA TS 2 (2.2.7), IK10",,,Forensic WDR/ Lightfinder 2.0,√ / √ / √ / √,√ / √,√ / √ / FIPS 140-3 Level 3,,"PVC free, BFR/CFR free 43% bio-plastics 2% carbon capture-based plastics",Case open sensor Conduit-ready,,,,,,
AXIS P3288-LV,Dome cameras,AXIS P32 Series,21,3840x2160 (8.3 MP),"1/1.8” 4.4 - 14.6 mm, F1.65 - 3.65 103°- 29°",,,,,0.11/0.00,25/30,,,,,,,,- / - Acoustic sensor,,,Deep learning processing unit,AXIS Object Analytics AXIS Audio Analytics AXIS Video Motion Detection AXIS Image Health Analytics AXIS Live Privacy Shield AXIS Scene Metadata,,PoE Class 3,1/1,0 °C to 50 °C (32 °F to 122 °F),IK10,,,Forensic WDR/ Lightfinder 2.0,√ / √ / √ / √,√ / √,√ / √ / FIPS 140-3 Level 3,,"PVC free, BFR/CFR free 39% bio-plastics 2% carbon capture-based plastics",Case open sensor Conduit-ready,,,,,,
AXIS P3287-LVE,Dome cameras,AXIS P32 Series,21,2592x1944 (5 MP),"1/2.8” 3.0 - 8.5 mm, F1.38 - 2.58 104°- 34°",,,,,0.1/0.00,25/30,,,,,,,,- / - Acoustic sensor,,,Deep learning processing unit,AXIS Object Analytics AXIS Audio Analytics AXIS Video Motion Detection AXIS Image Health Analytics AXIS Live Privacy Shield AXIS Scene Metadata,,PoE Class 3,1/1,-40 °C to 50 °C (-40 °F to 122 °F),"IP66/IP67/NEMA 250 Type 4X/ NEMA TS 2 (2.2.7), IK10",,,Forensic WDR/ Lightfinder 2.0,√ / √ / √ / √,√ / √,√ / √ / FIPS 140-3 Level 3,,"PVC free, BFR/CFR free 43% bio-plastics 2% carbon capture-based plastics",Case open sensor Conduit-ready,,,,,,
AXIS P3287-LV,Dome cameras,AXIS P32 Series,21,2592x1944 (5 MP),"1/2.8” 3.0 - 8.5 mm, F1.38 - 2.58 104°- 34°",,,,,0.1/0.00,25/30,,,,,,,,- / - Acoustic sensor,,,Deep learning processing unit,AXIS Object Analytics AXIS Audio Analytics AXIS Video Motion Detection AXIS Image Health Analytics AXIS Live Privacy Shield AXIS Scene Metadata,,PoE Class 3,1/1,0 °C to 50 °C (32 °F to 122 °F),IK10,,,Forensic WDR/ Lightfinder 2.0,√ / √ / √ / √,√ / √,√ / √ / FIPS 140-3 Level 3,,"PVC free, BFR/CFR free 39% bio-plastics 2% carbon capture-based plastics",Case open sensor Conduit-ready,,,,,,
AXIS P3285-LVE,Dome cameras,AXIS P32 Series,21,1920x1080 (2.1 MP),"10 mm: 1/2.8”, 3.4 - 9.8 mm F1.4 - 2.7, 100°- 32° 29 mm: 1/2.8”, 10.8- 28.2 mm F1.70 - 1.76, 29.1°- 11°",,,,,0.08/0.00,50/60,,,,,,,,- / - Acoustic sensor,,,Deep learning processing unit,AXIS Object Analytics AXIS Audio Analytics AXIS Video Motion Detection AXIS Image Health Analytics AXIS Live Privacy Shield AXIS Scene Metadata,,PoE Class 3,1/1,-40 °C to 50 °C (-40 °F to 122 °F),"IP66/IP67/NEMA 250 Type 4X/ NEMA TS 2 (2.2.7), IK10",,,Forensic WDR/ Lightfinder 2.0,√ / √ / √ / √,√ / √,√ / √ / FIPS 140-3 Level 3,,"PVC free, BFR/CFR free 43% bio-plastics 2% carbon capture-based plastics",Case open sensor Conduit-ready,,,,,,
AXIS P3285-LVE Kit,Dome cameras,AXIS P32 Series,21,1920x1080 (2.1 MP),"1/2.8” 3.4 - 9.8 mm, F1.4 - 2.7 100°- 32°",,,,,0.08/0.00,50/60,,,,,,,,- / - Acoustic sensor,,,Deep learning processing unit,AXIS Object Analytics AXIS Audio Analytics AXIS Video Motion Detection AXIS Image Health Analytics AXIS Scene Metadata AXIS License Plate Verifyer,,PoE Class 3,1/1,-40 °C to 50 °C (-40 °F to 122 °F),"IP66/IP67/NEMA 250 Type 4X/ NEMA TS 2 (2.2.7), IK10",,,Forensic WDR/ Lightfinder 2.0,√ / √ / √ / √,√ / √,√ / √ / FIPS 140-3 Level 3,,"PVC free, BFR/CFR free 43% bio-plastics 2% carbon capture-based plastics",Case open sensor Conduit-ready Preinstalled ALPV Traffic camera installation assistant,,,,,,
AXIS P3285-LV,Dome cameras,AXIS P32 Series,21,1920x1080 (2.1 MP),"1/2.8” 3.4 - 9.8 mm, F1.4 - 2.7 100°- 32°",,,,,0.08/0.00,50/60,,,,,,,,- / - Acoustic sensor,,,Deep learning processing unit,AXIS Object Analytics AXIS Audio Analytics AXIS Video Motion Detection AXIS Image Health Analytics AXIS Live Privacy Shield AXIS Scene Metadata,,PoE Class 3,1/1,0 °C to 50 °C (32 °F to 122 °F),IK10,,,Forensic WDR/ Lightfinder 2.0,√ / √ / √ / √,√ / √,√ / √ / FIPS 140-3 Level 3,,"PVC free, BFR/CFR free 39% bio-plastics 2% carbon capture-based plastics",Case open sensor Conduit-ready,,,,,,
AXIS P3278-LVE,Dome cameras,AXIS P32 Series,22,3840x2160 (8.3 MP),"1/1.8” 4.4-14.6 mm, F1.65-3.65 103°- 29°",,,,,0.11/0.00,25/30,,,,,,,,√ / -,,,Deep learning processing unit,AXIS Object Analytics AXIS Video Motion Detection AXIS Image Health Analytics AXIS Live Privacy Shield AXIS Scene Metadata,,PoE Class 3,1/1,-40 °C to 50 °C (-40 °F to 122 °F),"IP66/IP67/NEMA 250 Type 4X/ NEMA TS 2 (2.2.7), IK10",,,Forensic WDR/ Lightfinder 2.0,√ / √ / √ / √,√ / √,√ / √ / FIPS 140-3 Level 3,,"PVC free, BFR/CFR free 43% bio-plastics 2% carbon capture-based plastics",Case open sensor Conduit-ready Edge-to-edge technology,,,,,,
AXIS P3278-LV,Dome cameras,AXIS P32 Series,22,3840x2160 (8.3 MP),"1/1.8” 4.4-14.6 mm, F1.65-3.65 103°- 29°",,,,,0.11/0.00,25/30,,,,,,,,√ / -,,,Deep learning processing unit,AXIS Object Analytics AXIS Video Motion Detection AXIS Image Health Analytics AXIS Live Privacy Shield AXIS Scene Metadata,,PoE Class 3,1/1,0 °C to 50 °C (32 °F to 122 °F),IK10,,,Forensic WDR/ Lightfinder 2.0,√ / √ / √ / √,√ / √,√ / √ / FIPS 140-3 Level 3,,"PVC free, BFR/CFR free 39% bio-plastics 2% carbon capture-based plastics",Case open sensor Conduit-ready Edge-to-edge technology,,,,,,
AXIS P3277-LVE,Dome cameras,AXIS P32 Series,22,2592x1944 (5 MP),"1/2.8” 3.0-8.5 mm, F1.38-2.58 104°- 34°",,,,,0.1/0.00,25/30,,,,,,,,√ / √*,,,Deep learning processing unit,AXIS Object Analytics AXIS Video Motion Detection AXIS Image Health Analytics AXIS Live Privacy Shield AXIS Scene Metadata,,PoE Class 3,1/1,-40 °C to 50 °C (-40 °F to 122 °F),"IP66/IP67/NEMA 250 Type 4X/ NEMA TS 2 (2.2.7), IK10",,,Forensic WDR/ Lightfinder 2.0,√ / √ / √ / √,√ / √,√ / √ / FIPS 140-3 Level 3,,"PVC free, BFR/CFR free 43% bio-plastics 2% carbon capture-based plastics",Case open sensor Conduit-ready Edge-to-edge technology,,,,,,
AXIS P3277-LV,Dome cameras,AXIS P32 Series,22,2592x1944 (5 MP),"1/2.8” 3.0-8.5 mm, F1.38-2.58 104°- 34°",,,,,0.1/0.00,25/30,,,,,,,,√ / -,,,Deep learning processing unit,AXIS Object Analytics AXIS Video Motion Detection AXIS Image Health Analytics AXIS Live Privacy Shield AXIS Scene Metadata,,PoE Class 3,1/1,0 °C to 50 °C (32 °F to 122 °F),IK10,,,Forensic WDR/ Lightfinder 2.0,√ / √ / √ / √,√ / √,√ / √ / FIPS 140-3 Level 3,,"PVC free, BFR/CFR free 39% bio-plastics 2% carbon capture-based plastics",Case open sensor Conduit-ready Edge-to-edge technology,,,,,,
AXIS P3275-LVE,Dome cameras,AXIS P32 Series,22,1920x1080 (2.1 MP),"10 mm: 1/2.8”, 3.4 - 9.8 mm F1.4 - 2.7, 100°- 32° 29 mm: 1/2.8”, 10.8 - 28.2 mm F1.70 - 1.76, 29.1°- 11°",,,,,0.08/0.00,50/60,,,,,,,,√ / -,,,Deep learning processing unit,AXIS Object Analytics AXIS Video Motion Detection AXIS Image Health Analytics AXIS Live Privacy Shield AXIS Scene Metadata,,PoE Class 3,1/1,-40 °C to 50 °C (-40 °F to 122 °F),"IP66/IP67/NEMA 250 Type 4X/ NEMA TS 2 (2.2.7), IK10",,,Forensic WDR/ Lightfinder 2.0,√ / √ / √ / √,√ / √,√ / √ / FIPS 140-3 Level 3,,"PVC free, BFR/CFR free 43% bio-plastics 2% carbon capture-based plastics",Case open sensor Conduit-ready Edge-to-edge technology,,,,,,
AXIS P3275-LV,Dome cameras,AXIS P32 Series,22,1920x1080 (2.1 MP),"1/2.8” 3.4 - 9.8 mm, F1.4 - 2.7 100°- 32°",,,,,0.08/0.00,50/60,,,,,,,,√ / -,,,Deep learning processing unit,AXIS Object Analytics AXIS Video Motion Detection AXIS Image Health Analytics AXIS Live Privacy Shield AXIS Scene Metadata,,PoE Class 3,1/1,0 °C to 50 °C (32 °F to 122 °F),IK10,,,Forensic WDR/ Lightfinder 2.0,√ / √ / √ / √,√ / √,√ / √ / FIPS 140-3 Level 3,,"PVC free, BFR/CFR free 39% bio-plastics 2% carbon capture-based plastics",Case open sensor Conduit-ready Edge-to-edge technology,,,,,,
AXIS P3275-V,Dome cameras,AXIS P32 Series,22,1920x1080 (2.1 MP),"1/2.8” 3.4 - 9.8 mm, F1.4 - 2.7 100°- 32°",,,,,0.08/0.02,50/60,,,,,,,,√ / -,,,Deep learning processing unit,AXIS Object Analytics AXIS Video Motion Detection AXIS Image Health Analytics AXIS Live Privacy Shield AXIS Scene Metadata,,PoE Class 3,1/1,0 °C to 50 °C (32 °F to 122 °F),IK10,,,Forensic WDR/ Lightfinder 2.0,√ / √ / √ / √,- / -,√ / √ / FIPS 140-3 Level 3,,"PVC free, BFR/CFR free 39% bio-plastics 2% carbon capture based plastic",Case open sensor Conduit-ready Edge-to-edge technology,,,,,,
AXIS P3268-SLVE,Dome cameras,AXIS P32 Series,22,3840x2160 (8.3 MP),"1/1.8” 4.3 - 8.6 mm, F1.5 100°- 53°",,,,,0.14/0.00,25/30,,,,,,,,√ / -,,,Deep learning processing unit,AXIS Object Analytics Audio detection AXIS Video Motion Detection AXIS Image Health Analytics AXIS Live Privacy Shield AXIS Scene Metadata,,PoE Class 3,1/1,-40 °C to 50 °C (-40 °F to 122 °F),"NSF/ANSI Standard 169, DNV IP66/NEMA 250 Type 4X/ NEMA TS 2 (2.2.7-2.2.9), IK10, IP6K9K",,,Forensic WDR/ Lightfinder 2.0,√ / √ / √ / -,√ / √,√ / √ / √,,"PVC free, BFR/CFR free",Case open sensor Conduit-ready Edge-to-edge technology,,,,,,
AXIS M3905-R,Dome cameras,AXIS P32 Series,22,1920x1080 (2.1 MP),"1/2.9”, 3.6 mm, F2.0, 88° 1/2.9”, 2.8 mm, F1.5, 107°",,,,,"0,07/0.00",25/30,,,,,,,,- / -,,,-,AXIS Guard Suite AXIS Video Motion Detection Active tampering alarm,,PoE Class 1,- / -,Normal: -30 °C to 55 °C (-22 °F to 131 °F) Maximum (intermittent): 70 °C (158 °F),"P66/IP67/NEMA 4X (Indoor only), IK10",,,Forensic WDR/Lightfinder,√ / √ / √ / -,- / -,√ / √ / √,,"PVC free, BFR/CFR free",-,,,,,,
AXIS M3216-LVE,Dome cameras,AXIS M32 Series,23,2688x1512 (4.1 MP),"1/2.7” 2.9 mm, F2.0 102°",,,,,0.16/0.00,25/30,,,,,,,,√ / -,,,Deep learning processing unit,AXIS Object Analytics AXIS Video Motion Detection AXIS Image Health Analytics AXIS Live Privacy Shield Audio detection AXIS Scene Metadata,,PoE Class 3,1/1,-40 °C to 50 °C (-40 °F to 122 °F),"IP66/NEMA 250 Type 4X/NEMA TS 2 (2.2.7- 2.2.9), IK10",,,Forensic WDR/ Lightfinder,√ / √ / √ / -,√ / √,√ / √ / √,,"PVC free, BFR/CFR free",Case open sensor Conduit-ready Edge-to-edge technology,,,,,,
AXIS M3215-LVE,Dome cameras,AXIS M32 Series,23,1920x1080 (2.1 MP),"1/2.9” 3.1 mm, F2.0 101°",,,,,0.14/0.00,25/30,,,,,,,,√ / -,,,Deep learning processing unit,AXIS Object Analytics AXIS Video Motion Detection AXIS Image Health Analytics AXIS Live Privacy Shield Audio detection AXIS Scene Metadata,,PoE Class 3,1/1,-40 °C to 50 °C (-40 °F to 122 °F),"IP66/NEMA 250 Type 4X/NEMA TS 2 (2.2.7- 2.2.9), IK10",,,Forensic WDR/ Lightfinder,√ / √ / √ / -,√ / √,√ / √ / √,,"PVC free, BFR/CFR free",Case open sensor Conduit-ready Edge-to-edge technology,,,,,,
AXIS M3138-LVE,Dome cameras,AXIS M32 Series,23,3840x2160 (8 MP),"1/1.8"" 3.7 mm, F2.0 126°",,,,,0.18/0.04,12.5/15,,,,,,,,- / - Acoustic sensor,,,Deep learning processing unit,AXIS Object Analytics AXIS Video Motion Detection AXIS Audio Analytics AXIS Scene Metadata AXIS Image health analytics,,PoE Class 3,- / -,-30 °C to 50 °C (-22 °F to 122 °F),"IP66/NEMA 250 Type 4X, IK08",,,WDR/Lightfinder 2.0,- / √ / √ / -,√ / √,√ / √ / FIPS 140-3 Level 3,,"PVC free, BFR/CFR free",Edge-to-edge technology Direct installation view via Bluetooth Power meter Dynamic power mode Low power mode,,,,,,
AXIS M3128-LVE (black and white),Dome cameras,AXIS M32 Series,23,3840x2160 (8.3 MP),"1/2.8"" 2.9 mm, F2.0 110°",,,,,0.22/0.00,12/15,,,,,,,,- / -,,,Deep learning processing unit,AXIS Object Analytics AXIS Video Motion Detection Active tampering alarm AXIS Live Privacy Shield AXIS Scene Metadata,,PoE Class 3,- / -,-30 °C to 50 °C (-22 °F to 122 °F),IP66/67/NEMA 250 Type 4X,,,WDR / -,√ / √ / √ / -,√ / √,√ / √ / √,,PVC free,Edge-to-edge technology Power meter Dynamic Power mode,,,,,,
AXIS M3126-LVE (black and white),Dome cameras,AXIS M32 Series,23,2688x1512 (4.1 MP),"1/2.7” 2.4 mm, F2.1 130°",,,,,0.19/0.00,25/30,,,,,,,,- / -,,,Deep learning processing unit,AXIS Object Analytics AXIS Video Motion Detection Active tampering alarm AXIS Live Privacy Shield AXIS Scene Metadata,,PoE Class 3,- / -,-30 °C to 50 °C (-22 °F to 122 °F),IP66/67/NEMA 250 Type 4X,,,WDR/Lightfinder,√ / √ / √ / -,√ / √,√ / √ / √,,PVC free,-,,,,,,
AXIS M3125-LVE (black and white),Dome cameras,AXIS M32 Series,23,1920x1080 (2.1 MP),"1/2.8” 2.9 mm, F2.0 110°",,,,,0.15/0.00,50/60,,,,,,,,- / -,,,Deep learning processing unit,AXIS Object Analytics AXIS Video Motion Detection Active tampering alarm AXIS Live Privacy Shield AXIS Scene Metadata,,PoE Class 3,- / -,-30 °C to 50 °C (-22 °F to 122 °F),IP66/67/NEMA 250 Type 4X,,,WDR/Lightfinder,√ / √ / √ / -,√ / √,√ / √ / √,,PVC free,-,,,,,,
AXIS M3098-V,Dome cameras,AXIS M32 Series,23,3840x2160 (8.2 MP),"1/1.8"" 3.76 mm, F2.0 124°",,,,,0.19/0.05,12/15,,,,,,,,- / - Acoustic sensor,,,Deep learning processing unit,AXIS Object Analytics AXIS Video Motion Detection AXIS Live Privacy Shield Active tampering alarm AXIS Scene Metadata,,PoE Class 3,- / -,0 °C to 45 °C (32 °F to 113 °F),IP 42/IK08,,,WDR/Lightfinder 2.0,√ / √ / √ / -,- / -,√ / √ / FIPS 140-3 Level 3,,"PVC free, BFR/CFR free",Edge-to-edge technology Bluetooth***,,,,,,
AXIS M3098-LV,Dome cameras,AXIS M32 Series,23,3840x2160 (8.2 MP),"1/1.8"" 3.76 mm, F2.0 124°",,,,,0.19/0.05,12/15,,,,,,,,- / - Acoustic sensor,,,Deep learning processing unit,AXIS Object Analytics AXIS Video Motion Detection AXIS Audio Analytics AXIS Live Privacy Shield AXIS Scene Metadata,,PoE Class 3,- / -,0 °C to 45 °C (32 °F to 113 °F),IK08,,,WDR/Lightfinder 2.0,√ / √ / √ / -,√ / √,√ / √ / FIPS 140-3 Level 3,,"PVC free, BFR/CFR free",Edge-to-edge technology Bluetooth***,,,,,,
AXIS M3098-H,Dome cameras,AXIS M32 Series,23,3840x2160 (8.2 MP),"1/1.8"" 3.76 mm, F2.0 124°",,,,,0.19/0.05,12/15,,,,,,,,- / - Acoustic sensor,,,Deep learning processing unit,AXIS Object Analytics AXIS Video Motion Detection AXIS Audio Analytics AXIS Live Privacy Shield AXIS Scene Metadata,,PoE Class 3,- / -,0 °C to 45 °C (32 °F to 113 °F),-,,,WDR/Lightfinder 2.0,√ / √ / √ / -,- / -,√ / √ / FIPS 140-3 Level 3,,"PVC free, BFR/CFR free",Edge-to-edge technology Bluetooth***,,,,,,
AXIS M3088-V,Dome cameras,AXIS M32 Series,23,3840x2160 (8.3 MP),"1/2.8” 2.9 mm, F2.0 109°",,,,,0.25 / 0.05,12/15,,,,,,,,√ / -,,,Deep learning processing unit,AXIS Object Analytics AXIS Video Motion Detection AXIS Scene Metadata Active tampering alarm AXIS Live Privacy Shield,,PoE Class 2,- / -,0 °C to 40 °C (32 °F to 104 °F),IK08,,,WDR / -,√ / √ / √ / -,- / -,√ / √ / √,,"PVC free, BFR/CFR free 57% recycled plastics",Edge-to-edge technology,,,,,,
AXIS M3086-V,Dome cameras,AXIS M32 Series,23,2688x1512 (4.1 MP),"1/2.7"" 2.4 mm, F2.1 130°",,,,,0.19/0.03,25/30,,,,,,,,√ / √*,,,Deep learning processing unit,AXIS Object Analytics AXIS Video Motion Detection AXIS Scene Metadata Active tampering alarm AXIS Live Privacy Shield AXIS Audio Analytics**,,PoE Class 2,- / -,0 °C to 45 °C (32 °F to 113 °F),IK08,,,WDR/Lightfinder,√ / √ / √ / -,- / -,√ / √ / √,,"PVC free, BFR/CFR free 57% recycled plastics",Edge-to-edge technology,,,,,,
AXIS M3085-V,Dome cameras,AXIS M32 Series,23,1920x1080 (2.1 MP),"1/2.9"" 3.1 mm, F2.0 102°",,,,,0.18/0.03,25/30,,,,,,,,√ / -,,,Deep learning processing unit,AXIS Object Analytics AXIS Video Motion Detection AXIS Scene Metadata Active tampering alarm AXIS Live Privacy Shield,,PoE Class 2,- / -,0 °C to 45 °C (32 °F to 113 °F),IK08,,,WDR/Lightfinder,√ / √ / √ / -,- / -,√ / √ / √,,"PVC free, BFR/CFR free 57% recycled plastics",Edge-to-edge technology,,,,,,
AXIS M4228-LVE,Dome cameras,AXIS M42 Series,24,3840x2160 (8.3 MP),"1/2.8"", 3.2-7.2 mm F1.6-2.7, 100°-38°",,,,,0.14/0.00,25/30,,,,,,,,- / - Acoustic sensor,,,Deep learning processing unit,AXIS Object Analytics AXIS Audio Analytics AXIS Video Motion Detection AXIS Image Health Analytics AXIS Scene Metadata,,PoE Class 3,-,-30 °C to 50 °C (-22 °F to 122 °F),"IP66/NEMA 250 Type 4X, IK10",,,WDR/Lightfinder,√ / √ / √ / -,√ / √,√ / √ / √,,"PVC free, BFR/CFR free 43% recycled plastics",Edge-to-edge technology,,,,,,
AXIS M4227-LVE,Dome cameras,AXIS M42 Series,24,2592x1944 (5 MP),"1/2.7"", 3.2-7.2 mm F1.6-2.7, 98°-38°",,,,,0.13/0.00,25/30,,,,,,,,- / - Acoustic sensor,,,Deep learning processing unit,AXIS Object Analytics AXIS Audio Analytics AXIS Video Motion Detection AXIS Image Health Analytics AXIS Scene Metadata,,PoE Class 3,-,-30 °C to 50 °C (-22 °F to 122 °F),"IP66/NEMA 250 Type 4X, IK10",,,WDR/Lightfinder,√ / √ / √ / -,√ / √,√ / √ / √,,"PVC free, BFR/CFR free 43% recycled plastics",Edge-to-edge technology,,,,,,
AXIS M4225-LVE,Dome cameras,AXIS M42 Series,24,1920x1080 (2.1 MP),"1/2.8"", 3.2-7.2 mm F1.6-2.7, 100°-38°",,,,,0.12/0.00,25/30,,,,,,,,- / - Acoustic sensor,,,Deep learning processing unit,AXIS Object Analytics AXIS Audio Analytics AXIS Video Motion Detection AXIS Image Health Analytics AXIS Scene Metadata,,PoE Class 3,-,-30 °C to 50 °C (-22 °F to 122 °F),"IP66/NEMA 250 Type 4X, IK10",,,WDR/Lightfinder,√ / √ / √ / -,√ / √,√ / √ / √,,"PVC free, BFR/CFR free 43% recycled plastics",Edge-to-edge technology,,,,,,
AXIS M4218-LV,Dome cameras,AXIS M42 Series,24,3840x2160 (8.3 MP),"1/2.8"", 3.5-6.6 mm F1.7-2.6, 93°-47°",,,,,0.24/0.00,12.5/15,,,,,,,,√ / -,,,Deep learning processing unit,AXIS Object Analytics AXIS Video Motion Detection AXIS Face Detector Active tampering alarm AXIS Live Privacy Shield AXIS Scene Metadata,,PoE Class 3,-,0 °C to 45 °C (32 °F to 113 °F),IK08,,,WDR / -,√ / √ / √ / -,√ / √,√ / √ / √,,"PVC free, BFR/CFR free",HDMI Edge-to-edge technology,,,,,,
AXIS M4218-V,Dome cameras,AXIS M42 Series,24,3840x2160 (8.3 MP),"1/2.8"", 3.5-6.6 mm F1.7-2.6, 93°-47°",,,,,0.24/0.04,12.5/15,,,,,,,,√ / -,,,Deep learning processing unit,AXIS Object Analytics AXIS Video Motion Detection AXIS Face Detector Active tampering alarm AXIS Live Privacy Shield AXIS Scene Metadata,,PoE Class 2,-,0 °C to 45 °C (32 °F to 113 °F),IK08,,,WDR / -,√ / √ / √ / -,- / -,√ / √ / √,,"PVC free, BFR/CFR free",HDMI Edge-to-edge technology,,,,,,
AXIS M4216-LV,Dome cameras,AXIS M42 Series,24,2304x1728 (4 MP),"1/2.7"", 3-6 mm F1.9-2.7, 100°-45°",,,,,0.18/0.00,25/30,,,,,,,,√ / -,,,Deep learning processing unit,AXIS Object Analytics AXIS Video Motion Detection AXIS Face Detector Active tampering alarm AXIS Live Privacy Shield AXIS Scene Metadata,,PoE Class 3,-,0 °C to 45 °C (32 °F to 113 °F),IK08,,,WDR/Lightfinder,√ / √ / √ / -,√ / √,√ / √ / √,,"PVC free, BFR/CFR free 43% recycled plastics",HDMI Edge-to-edge technology,,,,,,
AXIS M4216-V,Dome cameras,AXIS M42 Series,24,2304x1728 (4 MP),"1/2.7"", 3-6 mm F1.9-2.7, 100°-45°",,,,,0.18/0.03,25/30,,,,,,,,√ / -,,,Deep learning processing unit,AXIS Object Analytics AXIS Video Motion Detection AXIS Face Detector Active tampering alarm AXIS Live Privacy Shield AXIS Scene Metadata,,PoE Class 2,-,0 °C to 45 °C (32 °F to 113 °F),IK08,,,WDR/Lightfinder,√ / √ / √ / -,- / -,√ / √ / √,,"PVC free, BFR/CFR free",HDMI Edge-to-edge technology,,,,,,
AXIS M4215-LV,Dome cameras,AXIS M42 Series,24,1920x1080 (2.1 MP),"1/2.8"", 3.5-6.6 mm F1.7-2.6, 93°-47°",,,,,0.14/0.00,25/30,,,,,,,,√ / -,,,Deep learning processing unit,AXIS Object Analytics AXIS Video Motion Detection AXIS Face Detector Active tampering alarm AXIS Live Privacy Shield AXIS Scene Metadata,,PoE Class 3,-,0 °C to 45 °C (32 °F to 113 °F),IK08,,,WDR/Lightfinder,√ / √ / √ / -,√ / √,√ / √ / √,,"PVC free, BFR/CFR free",HDMI Edge-to-edge technology,,,,,,
AXIS M4215-V,Dome cameras,AXIS M42 Series,24,1920x1080 (2.1 MP),"1/2.8"", 3.5-6.6 mm F1.7-2.6, 93°-47°",,,,,0.14/0.03,25/30,,,,,,,,√ / -,,,Deep learning processing unit,AXIS Object Analytics AXIS Video Motion Detection AXIS Face Detector Active tampering alarm AXIS Live Privacy Shield AXIS Scene Metadata,,PoE Class 2,-,0 °C to 45 °C (32 °F to 113 °F),IK08,,,WDR/Lightfinder,√ / √ / √ / -,- / -,√ / √ / √,,"PVC free, BFR/CFR free",HDMI Edge-to-edge technology,,,,,,
AXIS Q4809-PVE,Panoramic cameras,AXIS Q38 Series,25,10240x2560 (26 MP),"4x 1/2.3"", 5.05 mm F1.7, 180°",,,,,0.10/0.03,25/30,,,,,,,,√ / -,,,Deep learning processing unit,AXIS Object Analytics AXIS Video Motion Detection Active tampering alarm AXIS Scene Metadata,,PoE Class 4,1/1,-40 °C to 50 °C (-40 °F to 122 °F),"IP66/67/NEMA 4X, IK10",,,Forensic WDR/Lightfinder,√ / √ / √ / -,- / -,√ / √ / FIPS 140-2 Level 2,,"PVC free, BFR/CFR free 16% recycled plastics 14% bio-plastics 2.6% carbon capture-based plastics",Horizon Straightening Remote Pan/Tilt/Roll,,,,,,
AXIS Q3839-SPVE,Panoramic cameras,AXIS Q38 Series,25,7552x3776 (29 MP),"4x 1/1.8"", 4.6 mm F1.8, 180°",,,,,0.10/0.03,25/30,,,,,,,,√ / -,,,Deep learning processing unit,AXIS Object Analytics AXIS Video Motion Detection Active tampering alarm AXIS Scene Metadata,,PoE Class 4,1/1,-40 °C to 50 °C (-40 °F to 122 °F),"SF/ANSI Standard 169, IP66/NEMA 250 Type 4X IK10, IP66, IP67, IP68, IP6K9K",,,Forensic WDR/Lightfinder,√ / √ / √ / -,- / -,√ / √ / FIPS 140-2 Level 2,,"PVC free, BFR/CFR free 16% recycled plastics 14% bio-plastics 2.6% carbon capture-based plastics","Stainless Steel, Horizon Straightening Remote Pan/Tilt/Roll",,,,,,
AXIS Q3839-PVE,Panoramic cameras,AXIS Q38 Series,25,7552x3776 (29 MP),"4x 1/1.8"", 4.6 mm F1.8, 180°",,,,,0.10/0.03,25/30,,,,,,,,√ / -,,,Deep learning processing unit,AXIS Object Analytics AXIS Video Motion Detection Active tampering alarm AXIS Scene Metadata,,PoE Class 4,1/1,-40 °C to 50 °C (-40 °F to 122 °F),"IP66/67/NEMA 4X, IK10",,,Forensic WDR/Lightfinder,√ / √ / √ / -,- / -,√ / √ / FIPS 140-2 Level 2,,"PVC free, BFR/CFR free 16% recycled plastics 14% bio-plastics 2.6% carbon capture-based plastics",Horizon Straightening Remote Pan/Tilt/Roll,,,,,,
AXIS P4708-PLVE,Panoramic cameras,AXIS Q38 Series,25,2x 3840x2160 (2x 8 MP),"2x 1/2.8"", 3.3-8.1 mm F1.9-3.2, 108°-40°",,,,,0.19/0.00,25/30,,,,,,,,√ / -,,,Deep learning processing unit,AXIS Object Analytics on all channels AXIS Video Motion Detection Active tampering alarm AXIS Scene Metadata,,PoE Class 4,-,-30 °C to 50 °C (-22 °F to 122 °F),"IP66/IP67/NEMA 4X, IK10",,,Forensic WDR/Lightfinder,√ / √ / √ / -,√ / √,√ / √ / FIPS 140-2 Level 2,,"PVC free, BFR/CFR free 7% recycled plastics 2% bio-plastics",1 IP address Remote zoom & focus Group view Individually controllable IR LEDs,,,,,,
AXIS P4707-PLVE,Panoramic cameras,AXIS Q38 Series,25,2x 2592x1944 (2x 5 MP),"2x 1/2.7”, 3.3 - 8.1 mm F1.9 - 3.2, 98°- 36°",,,,,0.19/0.00,25/30,,,,,,,,√ / -,,,Deep learning processing unit,AXIS Object Analytics on all channels AXIS Video Motion Detection Active tampering alarm AXIS Scene Metadata,,PoE Class 4,-,-30 °C to 50 °C (-22 °F to 122 °F),"IP66/IP67/NEMA 4X, IK10",,,Forensic WDR/Lightfinder,√ / √ / √ / -,√ / √,√ / √ / FIPS 140-2 Level 2,,"PVC free, BFR/CFR free 7% recycled plastics 2% bio-plastics",1 IP address Remote zoom & focus Group view Individually controllable IR LEDs,,,,,,
AXIS P4705-PLVE,Panoramic cameras,AXIS Q38 Series,25,2x 1920x1080 (2x 2 MP),"2x 1/2.8"", 3.3 - 8.1 mm F1.9 - 3.2, 107°- 39°",,,,,0.15/0.00,50/60,,,,,,,,√ / -,,,Deep learning processing unit,AXIS Object Analytics on all channels AXIS Video Motion Detection Active tampering alarm AXIS Scene Metadata,,PoE Class 3 with limited IR range PoE Class 4 with full IR range,-,-30 °C to 50 °C (-22 °F to 122 °F),"IP66/IP67/NEMA 4X, IK10",,,Forensic WDR/Lightfinder,√ / √ / √ / -,√ / √,√ / √ / FIPS 140-2 Level 2,,"PVC free, BFR/CFR free 7% recycled plastics 2% bio-plastics",1 IP address Remote zoom & focus Group view Individually controllable IR LEDs,,,,,,
AXIS P3827-PVE,Panoramic cameras,AXIS Q38 Series,25,3712x1856 (6.9 MP),"4x 1/2.8”, 3.3 mm F2.0, 180°",,,,,0.15/0.05,25/30,,,,,,,,√ / -,,,Deep learning processing unit,AXIS Object Analytics AXIS Video Motion Detection Active tampering alarm,,PoE Class 4,1/1,-40 °C to 55 °C (-40 °F to 131 °F),"IP66/IP67/NEMA 4X, IK10",,,Forensic WDR/Lightfinder,√ / √ / √ / -,- / -,√ / √ / FIPS 140-2 Level 2,,"PVC free, BFR/CFR free 15% recycled plastics",1 IP address Vertical FoV 90,,,,,,
AXIS P3818-PVE,Panoramic cameras,AXIS Q38 Series,25,5120x2560 (13.1 MP),"3x 1/2.8"", 3.2 mm F2.0, 180°",,,,,0.15/0.06,25/30,,,,,,,,√ / -,,,-,AXIS Guard Suite AXIS Video Motion Detection Active tampering alarm,,PoE Class 4,1/1,-40 °C to 50 °C (-40 °F to 122 °F),"IP66/67/NEMA 4X, IK10",,,Forensic WDR/Lightfinder,√ / √ / √ / -,- / -,√ / - / FIPS 140-2 Level 2,,PVC free 15% recycled plastics,1 IP address Vertical FoV 90,,,,,,
AXIS P3748-PLVE,Panoramic cameras,AXIS P37 Series,26,4x 3840x2160 (4x 4K),"4x 1/2.9"" 3.2 - 7.4 mm, F1.6 - 2.7 103° - 41°",,,,,0.4/0.00,12.5/15,,,,,,,,√ / -,,,Deep learning processing unit,AXIS Object Analytics on all channels AXIS Video Motion Detection Active tampering alarm AXIS Scene Metadata,,PoE Class 4,-,-40 °C to 50 °C (-40 °F to 122 °F),IP66/NEMA4X,,,Forensic WDR/Lightfinder,√ / √ / √ / -,√ / √,√ / √ / FIPS 140-2 Level 2,,"PVC free, BFR/CFR free","1 IP address IK10, PTRZ Group view Individually controllable IR LEDs",,,,,,
AXIS P3747-PLVE,Panoramic cameras,AXIS P37 Series,26,4x 2592x1944 (4x 5 MP),"4x 1/2.8"" 3.2 - 7.4, F1.6 - 2.7 98-40",,,,,0.1/0.00,25/30*,,,,,,,,√ / -,,,Deep learning processing unit,AXIS Object Analytics on all channels AXIS Video Motion Detection Active tampering alarm AXIS Scene Metadata,,PoE Class 4,-,-40 °C to 50 °C (-40 °F to 122 °F),IP66/NEMA4X,,,Forensic WDR/Lightfinder,√ / √ / √ / -,√ / √,√ / √ / FIPS 140-2 Level 2,,"PVC free, BFR/CFR free","1 IP address IK10, PTRZ Group view Individually controllable IR LEDs",,,,,,
AXIS P3738-PLE,Panoramic cameras,AXIS P37 Series,26,4x 3840x2160 (4x 8 MP),"4x 1/2.8"" 3.2 - 8.1 mm, F1.9 - 3.2 108° - 40°",,,,,0.19/0.00,12.5/15,,,,,,,,√ / -,,,Deep learning processing unit,AXIS Object Analytics on all channels AXIS Video Motion Detection Active tampering alarm AXIS Scene Metadata,,PoE Class 4,-,-30 °C to 50 °C (-22 °F to 122 °F),IP66/IP67/NEMA 4X,,,Forensic WDR/Lightfinder,√ / √ / √ / -,√ / √,√ / √ / FIPS 140-2 Level 2,,"PVC free, BFR/CFR free","1 IP address IK09, Remote zoom & focus Group view Individually controllable IR LEDs",,,,,,
AXIS P3737-PLE,Panoramic cameras,AXIS P37 Series,26,4x 2592x1944 (4x 5 MP),"4x 1/2.7"" 3.2 - 8.1 mm, F1.9 - 3.2 99° - 37°",,,,,0.19/0.00,25/30*,,,,,,,,√ / -,,,Deep learning processing unit,AXIS Object Analytics on all channels AXIS Video Motion Detection Active tampering alarm AXIS Scene Metadata,,PoE Class 3 w/o IR PoE Class 4 w IR,-,-30 °C to 50 °C (-22 °F to 122 °F),IP66/IP67/NEMA 4X,,,Forensic WDR/Lightfinder,√ / √ / √ / -,√ / √,√ / √ / FIPS 140-2 Level 2,,"PVC free, BFR/CFR free","1 IP address IK09, Remote zoom & focus Group view Individually controllable IR LEDs",,,,,,
AXIS P3735-PLE,Panoramic cameras,AXIS P37 Series,26,4x 1920x1080p (4x 2 MP),"4x 1/2.8"" 3.2 - 8.1 mm, F1.9 - 3.2 108° - 40°",,,,,0.14/0.00,25/30,,,,,,,,√ / -,,,Deep learning processing unit,AXIS Object Analytics on all channels AXIS Video Motion Detection Active tampering alarm AXIS Scene Metadata,,PoE Class 3 w/o IR PoE Class 4 w IR,-,-30 °C to 50 °C (-22 °F to 122 °F),IP66/IP67/NEMA 4X,,,Forensic WDR/Lightfinder,√ / √ / √ / -,√ / √,√ / √ / FIPS 140-2 Level 2,,"PVC free, BFR/CFR free","1 IP address IK09, Remote zoom & focus Group view Individually controllable IR LEDs",,,,,,
AXIS M4328-P,Panoramic cameras,AXIS P37 Series,26,2992x2992 (12 MP),"1/2.3” 1.2 mm, F2.2 182°",,,,,0.19/0.00,25/30,,,,,,,,√ / -,,,Deep learning processing unit,AXIS Object Analytics AXIS Video Motion Detection AXIS Scene Metadata,,PoE Class 3,-,0 °C to 40 °C (32 °F to 104 °F),-,,,Forensic WDR/Lightfinder,√ / √ / √ / -,- / -,√ / √ / √,,"PVC free, BFR/CFR free",Dewarped views,,,,,,
AXIS M4327-P,Panoramic cameras,AXIS P37 Series,26,2160x2160 (6 MP),"1/1.8” 1.1 mm, F2.2 182°",,,,,0.16/0.00,50/60,,,,,,,,√ / -,,,Deep learning processing unit,AXIS Object Analytics AXIS Video Motion Detection AXIS Scene Metadata,,PoE Class 3,-,0 °C to 40 °C (32 °F to 104 °F),-,,,Forensic WDR/Lightfinder,√ / √ / √ / -,- / -,√ / √ / √,,"PVC free, BFR/CFR free",Dewarped views,,,,,,
AXIS M4308-PLE,Panoramic cameras,AXIS P37 Series,26,2880x2880 (12 MP),"1/1.7” 1.3 mm, F2.4 183°",,,,,0.19/0.00,25/30,,,,,,,,√ / √,,,Deep learning processing unit,AXIS Object Analytics AXIS Video Motion Detection Active tampering alarm Audio detection AXIS Scene Metadata,,PoE Class 4,1/1,-40 °C to 50 °C (-40 °F to 122 °F),"IP66/NEMA 4X, IK09",,,Forensic WDR/Lightfinder,√ / √ / √ / -,√ / √,√ / √ / √,,PVC free,Dewarped views,,,,,,
AXIS M4348-PLVE,Panoramic cameras,AXIS M43 Series,27,3536x3536 (12.5 MP),"1/1.6” 1.7 mm, F2 185°",,,,,0.08/0.00,50/60*,,,,,,,,√ / √,,,Deep learning processing unit,AXIS Object Analytics AXIS Audio analytics,,PoE Class 4,1/1,-40 °C to 50 °C (-40 °F to 122 °F),"IP66/NEMA 4X, IK10",,,Forensic WDR/ Lightfinder,√ / √ / √ / √,√ / √,√ / √ / √,,"PVC free, BFR/CFR free",Dewarped views Directional audio detection,,,,,,
AXIS M4347-PLVE,Panoramic cameras,AXIS M43 Series,27,2464x2464 (6 MP),"1/1.6” 1.7 mm, F2 185°",,,,,0.08/0.00,50/60,,,,,,,,√ / √,,,Deep learning processing unit,AXIS Object Analytics AXIS Audio analytics,,PoE Class 4,1/1,-40 °C to 50 °C (-40 °F to 122 °F),"IP66/NEMA 4X, IK10",,,Forensic WDR/ Lightfinder,√ / √ / √ / √,√ / √,√ / √ / √,,"PVC free, BFR/CFR free",Dewarped views Directional audio detection,,,,,,
AXIS M4338-PLVE,Panoramic cameras,AXIS M43 Series,27,3536x3536 (12.5 MP),"1/1.6” 1.7 mm, F2 185°",,,,,0.08/0.00,50/60*,,,,,,,,√ / -,,,Deep learning processing unit,AXIS Object Analytics,,PoE Class 4,1/1,-40 °C to 50 °C (-40 °F to 122 °F),"IP66/NEMA 4X, IK10",,,Forensic WDR/ Lightfinder,√ / √ / √ / √,√ / √,√ / √ / √,,"PVC free, BFR/CFR free",Dewarped views,,,,,,
AXIS M4337-PLVE,Panoramic cameras,AXIS M43 Series,27,2464x2464 (6 MP),"1/1.6” 1.7 mm, F2 185°",,,,,0.08/0.00,50/60,,,,,,,,√ / -,,,Deep learning processing unit,AXIS Object Analytics,,PoE Class 4,1/1,-40 °C to 50 °C (-40 °F to 122 °F),"IP66/NEMA 4X, IK10",,,Forensic WDR/ Lightfinder,√ / √ / √ / √,√ / √,√ / √ / √,,"PVC free, BFR/CFR free",Dewarped views,,,,,,
AXIS M4337-SPLVE,Panoramic cameras,AXIS M43 Series,27,2464x2464 (6 MP),"1/1.6” 1.7 mm, F2 185°",,,,,0.08/0.00,50/60,,,,,,,,√ / -,,,Deep learning processing unit,AXIS Object Analytics,,PoE Class 4,1/1,-40 °C to 50 °C (-40 °F to 122 °F),"IP66/IP67/IP68/NEMA 4X, IK10",,,Forensic WDR/ Lightfinder,√ / √ / √ / √,√ / √,√ / √ / √,,"PVC free, BFR/CFR free",Dewarped views,,,,,,
AXIS M4318-PLVE,Panoramic cameras,AXIS M43 Series,27,2992x2992 (12 MP),"1/2.3” 1.2 mm, F2.2 182°",,,,,0.19/0.00,25/30,,,,,,,,√ / -,,,Deep learning processing unit,AXIS Object Analytics AXIS Video Motion Detection AXIS Scene Metadata,,PoE Class 3,1/1,-40 °C to 50 °C (-40 °F to 122 °F),"IP66/NEMA 4X, IK10",,,Forensic WDR/ Lightfinder,√ / √ / √ / -,√ / √,√ / √ / √,,"PVC free, BFR/CFR free",Dewarped views,,,,,,
AXIS M4317-PLVE,Panoramic cameras,AXIS M43 Series,27,2160x2160 (6 MP),"1/1.8” 1.1 mm, F2.2 182°",,,,,0.16/0.00,50/60,,,,,,,,√ / -,,,Deep learning processing unit,AXIS Object Analytics AXIS Video Motion Detection AXIS Scene Metadata,,PoE Class 3,1/1,-40 °C to 50 °C (-40 °F to 122 °F),"IP66/NEMA 4X, IK10",,,Forensic WDR/ Lightfinder,√ / √ / √ / -,√ / √,√ / √ / √,,"PVC free, BFR/CFR free",Dewarped views,,,,,,
AXIS M4318-PLR,Panoramic cameras,AXIS M43 Series,27,2992x2992 (12 MP),"1/2.3” 1.2 mm, F2.2 182°",,,,,0.19/0.00,25/30,,,,,,,,√ / -,,,Deep learning processing unit,AXIS Object Analytics AXIS Video Motion Detection AXIS Scene Metadata,,PoE Class 3,1/1,-40 °C to 50 °C (-40 °F to 122 °F),IP66/NEMA 4X,,,Forensic WDR/ Lightfinder,√ / √ / √ / -,√ / √,√ / √ / √,,"PVC free, BFR/CFR free",Dewarped views,,,,,,
AXIS M4317-PLR,Panoramic cameras,AXIS M43 Series,27,2160x2160 (6 MP),"1/1.8” 1.1 mm, F2.2 182°",,,,,0.16/0.00,50/60,,,,,,,,√ / -,,,Deep learning processing unit,AXIS Object Analytics AXIS Video Motion Detection AXIS Scene Metadata,,PoE Class 3,1/1,-40 °C to 50 °C (-40 °F to 122 °F),IP66/NEMA 4X,,,Forensic WDR/ Lightfinder,√ / √ / √ / -,√ / √,√ / √ / √,,"PVC free, BFR/CFR free",Dewarped views,,,,,,
AXIS M3077-PLVE,Panoramic cameras,AXIS M43 Series,27,2016x2016 (6 MP),"1/1.8"" 1.6 mm, F2.0, 183°",,,,,0.16/0.00,25/30,,,,,,,,√ / √,,,-,AXIS Guard Suite AXIS Video Motion Detection Active tampering alarm,,PoE Class 3,1/1,-40 °C to 50 °C (-40 °F to 122 °F),"IP66/NEMA 4X, IK10",,,Forensic WDR/ Lightfinder,√ / √ / √ / -,√ / √,√ / - / √,,PVC free,Dewarped views,,,,,,
AXIS M3057-PLR Mk II,Panoramic cameras,AXIS M43 Series,27,2048x2048 (6 MP),"1/1.8” 1.56 mm, F2.0 185°",,,,,0.16/0.00,50/60,,,,,,,,- / -,,,-,AXIS Guard Suite AXIS Video Motion Detection Active tampering alarm,,PoE Class 3,1/1,-40 °C to 55 °C (-40 °F to 131 °F),"IP66/NEMA 4X, IK10",,,Forensic WDR/ Lightfinder,√ / √ / √ / -,√ / √,√ / - / √,,PVC free,Dewarped views,,,,,,
AXIS Q87,Pan/tilt/zoom cameras,,28,Visual: 1920x1080 (2.1 MP) Thermal: 640x480,"Visual: 1/2.8” progressive scan CMOS 4.3 - 137,6 mm, F1.4 - 4.0 58.5° - 2.4° Thermal: Uncooled microbolometer Athermalized 35 mm, F1.2, 17° Athermalized 35-105 mm, F1.6, 18° -6° (Zoom)",,,,,Visual: 0.1/0.02,Visual: 50/60 Thermal: 8.3/301,Visual: 32 Thermal: 3 (Zoom),360° endless / -90° to 45° -45° to 90° (inverted configuration),,,Thermal: NETD < 50 mK,,,,,,Deep learning processing unit,Advanced gatekeeper Audio detection AXIS Guard Suite AXIS Video Motion Detection Active tampering alarm,,56 V AC/DC,4,-40 °C to 60 °C (-40 °F to 140 °F),"IP66/NEMA 4X, IK10",,,Visual: Forensic WDR/Lightfinder 2.0,√ / √ / √ / -,- / -,√ / √ / FIPS 140-2 Level 2,,PVC free,"Electronic image stabilization RJ45 and SFP interfaces Thermal palettes, Built-in wiper Visual channel: Focus recall",,,,,,
AXIS Q6411-LE,Pan/tilt/zoom cameras,AXIS Q64 Series,29,Visual: 1920x1080 (2 MP) Thermal: Sensor is 384x288 Image can be scaled up to 768x576,"Visual: 1/2"", 6.91 - 214.64 mm, F1.4 - 4.0, 59.6° - 1.0° Thermal: Uncooled microbolomoeter Athermalized lens 7 mm, F1.18, 55°",,,,,0.06/0.001,Visual: 50/60* Thermal: 8.3/301,31,,,,,,,√ / -,,,Deep learning processing unit,AXIS Object Analytics Active Gatekeeper Autotracking AXIS Video Motion Detection AXIS Scene Metadata,,"PoE Class 6, PoE Class 4",3,-40 °C to 55 °C (-40 °F to 131 °F),"IP66/IP67/NEMA 4X, IK10",,,WDR/Lightfinder 2.0,√ / √ / √ / √,√ / √,√ / √ / FIPS 140-3 Level 3,,"PVC free, BFR/CFR free 10% recycled plastics, 3% bio-plastics","Electronic image stabilization Thermal palettes Orientation aid, Shock detection Low power mode, Power profiles",,,,,,
AXIS Q6358-LE,Pan/tilt/zoom cameras,AXIS Q64 Series,29,3840x2160 (8 MP),"1/2"" 6.91 - 214.64 mm, F1.36 - 4.6 58.5° - 2.3°",,,,,0.11/0.001,50/60,31,,,,,,,√ / -,,,Deep learning processing unit,AXIS Object Analytics Active Gatekeeper Autotracking AXIS Video Motion Detection AXIS Scene Metadata,,PoE Class 6 SFP midspan included,3,-50 °C to 55 °C (-58 °F to 131 °F),"IP66/IP67/NEMA 4X, IK10",,,WDR/Lightfinder 2.0,√ / √ / √ / √,√ / √,√ / √ / FIPS 140-3 Level 3,,"PVC free, BFR/CFR free","Electronic image stabilization Orientation aid, Shock detection, Laser focus Low power mode, AXIS Live privacy shield Support fpr AXIS Licenc plate verifier",,,,,,
AXIS Q6355-LE,Pan/tilt/zoom cameras,AXIS Q64 Series,29,1920x1080 (2.1 MP),"1/2"" 6.91 - 214.64 mm, F1.36 - 4.6 60.6° - 2.0°",,,,,0.06/0.001,50/60,31,,,,,,,√ / -,,,Deep learning processing unit,"AXIS Object Analytics Active Gatekeeper, Autotracking AXIS Video Motion Detection AXIS Scene Metadata",,PoE Class 6 SFP midspan included,3,-50 °C to 55 °C (-58 °F to 131 °F),"IP66/IP67/NEMA 4X, IK10",,,WDR/Lightfinder 2.0,√ / √ / √ / √,√ / √,√ / √ / FIPS 140-3 Level 3,,"PVC free, BFR/CFR free","Electronic image stabilization Orientation aid, Shock detection, Laser focus Low power mode, AXIS Live privacy shield Support fpr AXIS Licenc plate verifier",,,,,,
AXIS Q6325-LE,Pan/tilt/zoom cameras,AXIS Q64 Series,29,1920x1080 (2.1 MP),"1/2"" 6.91 - 214.64 mm, F1.36 - 4.6 60.6° - 2.0°",,,,,0.09/0.002,50/60,31,,,,,,,√ / -,,,Deep learning processing unit,"AXIS Object Analytics Active Gatekeeper, Autotracking AXIS Video Motion Detection AXIS Scene Metadata",,"PoE Class 6, PoE Class 4",3,-50 °C to 55 °C (-58 °F to 131 °F),"IP66/IP67/NEMA 4X, IK10",,,Forensic WDR/Lightfinder 2.0,√ / √ / √ / √,√ / √,√ / √ / FIPS 140-3 Level 3,,"PVC free, BFR/CFR free 18% recycled plastics, 5% bio-plastics","Electronic image stabilization Orientation aid, Shock detection Low power mode, AXIS Live privacy shield Support fpr AXIS Licenc plate verifier",,,,,,
AXIS Q6300-E,Pan/tilt/zoom cameras,AXIS Q64 Series,29,2592x1944 (20.4 MP),"1/2"" 3.7 mm, F3.7 360°",,,,,0.06/0.03,25/30,-,,,,,,,√ / -,,,Deep learning processing unit,AXIS Object Analytics Autopilot AXIS Video Motion Detection,,PoE Class 8 PoE Class 4,- / -,-50 °C to 55 °C (-58 °F to 131 °F),"IP66/NEMA 4X, IK10",,,WDR/Lightfinder 2.0,√ / √ / √ / -,- / -,√ / √ / FIPS 140-3 Level 3,,"PVC free, BFR/CFR free","Directional audio detection Low power mode, Exchangable M14 lenses Integration with AXIS Q63/P56-E PTZ",,,,,,
AXIS Q6225-LE,Pan/tilt/zoom cameras,AXIS Q64 Series,29,1920x1080 (2.1 MP),"1/2"" 6.91 - 214.64 mm, F1.36 - 4.6 63.8° - 2.2°",,,,,0.05/0.001,50/60,31,,,,,,,√ / -,,,-,"AXIS Object Analytics Active Gatekeeper, Autotracking AXIS Video Motion Detection AXIS Scene Metadata",,PoE Class 8 SFP midspan included,3,-50 °C to 55 °C (-58 °F to 131 °F),"IP66/IP68/NEMA 4X , IK10, MIL-STD-810G",,,Forensic WDR/Lightfinder 2.0,√ / √ / √ / -,√ / √,√ / √ / FIPS 140-2 Level 2,,PVC free,"Electronic image stabilization Built-in wiper Orientation aid, Shock detection Low power mode",,,,,,
AXIS Q6086-E,Pan/tilt/zoom cameras,AXIS Q60 Series,30,2688x1512 (4 MP),"1/1.2"" 6.64 - 225.5 mm, F1.7 - 5.1 61.5° - 2.0°",,,,,0.07/0.005,50/60,34,,,,,,,√ / -,,,Deep learning processing unit,AXIS Object Analytics AXIS Image Health Analytics AXIS Scene Metadata AXIS Video Motion Detection 4,,"PoE Class 6, PoE Class 4 SFP midspan included",3,-50 °C to 55 °C (-58 °F to 134 °F),IP66/67/NEMA 4X/IK10,,,Forensic WDR/Lightfinder 2.0,√ / √ / √ / √,- / -,√ / √ / FIPS 140-3 Level 3,,"PVC free, BFR/CFR free","Electronic image stabilization Laser focus, Shock detection Orientation aid, Low power mode AXIS Live privacy shield",,,,,,
AXIS Q6088-E,Pan/tilt/zoom cameras,AXIS Q60 Series,30,3840x2160 (8 MP),"1/2"" 6.64 - 225.5 mm, F1.7 - 5.1 60.8° - 2.0°",,,,,0.07/0.05,50/60,34,,,,,,,√ / -,,,Deep learning processing unit,AXIS Object Analytics AXIS Image Health Analytics AXIS Scene Metadata AXIS Video Motion Detection 4,,"PoE Class 6, PoE Class 4 SFP midspan included",3,-50 °C to 50 °C (-58 °F to 122 °F),IP66/67/NEMA 4X/IK10,,,Forensic WDR/Lightfinder 2.0,√ / √ / √ / √,- / -,√ / √ / FIPS 140-3 Level 3,,"PVC free, BFR/CFR free","Electronic image stabilization Laser focus, Shock detection Orientation aid, Low power mode AXIS Live privacy shield",,,,,,
AXIS Q6020-E,Pan/tilt/zoom cameras,AXIS Q60 Series,30,2592x1944 (20.4 MP),"1/2"" 3.7mm, F3.7 360°",,,,,0.06/0.03,25/30,-,,,,,,,√ / -,,,Deep learning processing unit,AXIS Object Analytics AXIS Video Motion Detection Autopilot,,PoE Class 8 PoE Class 4,- / -,-50 °C to 55 °C (-58 °F to 131 °F),"IP66/NEMA 4X, IK10",,,WDR/Lightfinder 2.0,√ / √ / √ / -,- / -,√ / √ / FIPS 140-3 Level 3,,"PVC free, BFR/CFR free","Low power mode, Exchangable M14 lenses Integration with AXIS Q60-E PTZ",,,,,,
AXIS V5938,Pan/tilt/zoom cameras,AXIS V59 Series,31,3840x2160 (8 MP),"1/2.5"", 4.4 - 88 mm, F2.0 - 3.8, 70.2°- 4.1°",,,,,0.7/0.06,25/30,20,,,,,,,√ / -,,,,AXIS Video Motion Detection Active tampering alarm Autotracking,,DC,2,0 °C to 40 °C (32 °F to 104 °F),-,,,- / -,√ / √ / √ / -,- / -,√ / - / -,,-,"UHD 4K 2x Canon XLR3 3G-SDI, HDMITM CamStreamer 3-month trial included VISCA support, VISCA over IP support",,,,,,
AXIS V5925,Pan/tilt/zoom cameras,AXIS V59 Series,31,1920x1080 (2.1 MP),"1/2.8"", 4.4 - 132 mm, F1.4 - 4.6 62°- 2.3°",,,,,1.0/0.03,50/60,30,,,,,,,√ / -,,,,AXIS Video Motion Detection Active tampering alarm Autotracking,,DC,2,0 °C to 40 °C (32 °F to 104 °F),-,,,- / -,√ / √ / √ / -,- / -,√ / - / -,,-,"2x Canon XLR3 3G-SDI, HDMITM CamStreamer 3-month trial included VISCA support, VISCA over IP support",,,,,,
AXIS P5676-LE,Pan/tilt/zoom cameras,AXIS V59 Series,31,2688x1512 (4 MP),"1/2.9, 4.5 - 135 mm, F1.6 - 4.6 57.1° - 2.1°",,,,,0.1/0.01,50/60,30,,,,,,,√ / -,,,,AXIS Object Analytics Active Gatekeeper Autotracking AXIS Video Motion Detection AXIS Scene Metadata,,"PoE Class 6, PoE Class 4, AC, DC",4,-30 °C to 50 °C (-22 °F to 122 °F),"IP66/NEMA 4X, IK10",,,Forensic WDR/Lightfinder 2.0,√ / √ / √ / -,√ / √,√ / √ / √,,"PVC free, bio-plastics","Electronic image stabilization Orientation aid, Spot focus",,,,,,
AXIS P5655-E,Pan/tilt/zoom cameras,AXIS V59 Series,31,1920x1080 (2.1 MP),"1/2.8” 4.3 - 137.6 mm, F1.4 - 4.0 58.7° - 2.4°",,,,,0.1/0.01,50/60,32,,,,,,,√ / -,,,,AXIS Object Analytics Advanced Gatekeeper Audio detection AXIS Video Motion Detection Active tampering alarm AXIS Scene Metadata,,"PoE Class 4, AC, DC",4,-30 °C to 50 °C (-22 °F to 122 °F),"IP66/NEMA 4X, IK10",,,Forensic WDR/Lightfinder 2.0,√ / √ / √ / -,- / -,√ / - / -,,PVC free,"Electronic image stabilization Focus recall Shock detection, Orientation aid",,,,,,
AXIS P5654-E MkII,Pan/tilt/zoom cameras,AXIS V59 Series,31,1280x720 (1 MP) 1920x1080 (2.1 MP),"1/2.8” 4.0 - 84.6 mm, F1.6 - 4.5 77.0° - 3.6°",,,,,0.1/0.01,50/60,21,,,,,,,- / -,,,,AXIS Object Analytics Advanced Gatekeeper AXIS Video Motion Detection Active tampering alarm AXIS Scene Metadata,,PoE Class 4,- / -,-30 °C to 50 °C (-22 °F to 122 °F),"IP66/NEMA 4X, IK10",,,Forensic WDR/Lightfinder 2.0,√ / √ / √ / -,- / -,√ / - / -,,PVC free,"Electronic image stabilization Focus recall Shock detection, Orientation aid",,,,,,
AXIS M5526-E,Pan/tilt/zoom cameras,AXIS M50 Series,32,2688x1512 (4 MP),,"1/3” 4.7 - 47 mm, F1.6 - 3.0 59.1°-6.5°",,,,0.20/0.01,50/60,10,,,,,,,√ / -,,,Deep learnining processing unit,"AXIS Object Analytics AXIS Video Motion Detection Active tampering alarm Audio detection, Advanced gatekeeper AXIS Scene Metadata",,"PoE Class 3, DC",4,-20 °C to 50 °C (-4 °F to 122 °F),IP66,,,Forensic WDR/Lightfinder 2.0,√ / √ / √ / -,- / -,√ / √ / √,,"PVC free, BFR/CFR-free Renewable carbon-based plastics content: 16% (recycled)",Focus recall,,,,,,
AXIS M5075-G,Pan/tilt/zoom cameras,AXIS M50 Series,32,1920x1080 (2.1 MP),,"1/2.8” 2.2 - 11.0 mm, F1.4 - 2.5 71° - 14°",,,,0.1/-,50/60,5,,,,,,,√ / √,,,-,Audio volume detection Scream detection Removed object detection AXIS Video Motion Detection Active tampering alarm,,PoE Class 3,- / -,0 °C to 45 °C (32 °F to 113 °F),-,,,Forensic WDR / -,√ / √ / √ / -,- / -,- / - / -,,PVC free,Wireless I/O with Z-Wave Plus®,,,,,,
AXIS M5075,Pan/tilt/zoom cameras,AXIS M50 Series,32,1920x1080 (2.1 MP),,"1/2.8” 2.2 - 11.0 mm, F1.4 - 2.5 71° - 14°",,,,0.1/-,50/60,5,,,,,,,√ / √,,,-,Audio volume detection Scream detection Removed object detection AXIS Video Motion Detection Active tampering alarm,,PoE Class 3,- / -,0 °C to 45 °C (32 °F to 113 °F),-,,,Forensic WDR / -,√ / √ / √ / -,- / -,- / - / -,,PVC free,-,,,,,,
AXIS M5074,Pan/tilt/zoom cameras,AXIS M50 Series,32,1280x720 (1 MP),,"1/2.8” 2.2 - 11.0 mm, F1.4 - 2.5 71° - 14°",,,,0.1/-,50/60,5,,,,,,,√ / √,,,-,Audio volume detection Scream detection Removed object detection AXIS Video Motion Detection Active tampering alarm,,PoE Class 3,- / -,0 °C to 45 °C (32 °F to 113 °F),-,,,Forensic WDR / -,√ / √ / √ / -,- / -,- / - / -,,PVC free,-,,,,,,
AXIS M5000,Pan/tilt/zoom cameras,AXIS M50 Series,32,PTZ camera: 1920x1080 (2.1 MP) Overview cameras: 2592x1944 (3x 5 MP),,"PTZ camera: 1/2.8” 4.7 - 47 mm, F1.6 - 3.0, 61.8°- 6.7° Overview cameras: 1/2.8” 2.39 mm, F2.0, 360°",,,,PTZ camera: 0.09/0.01 Overview cameras: 0.08/0.03,PTZ camera: 25/30 Overview cameras: 12,10,,,,,,,√ / -,,,-,AXIS Loitering Guard AXIS Video Motion Detection Audio detection Advanced gatekeeper,,"PoE Class 4, DC",4,0 °C to 40 °C (32 °F to 104 °F),-,,,Forensic Capture / -,√ / √ / √ / -,- / -,√ / √ / √,,"PVC free, BFR/CFR free",Shock detection,,,,,,
AXIS M5000-G,Pan/tilt/zoom cameras,AXIS M50 Series,32,PTZ camera: 1920x1080 (2.1 MP) Overview cameras: 2592x1944 (3x 5 MP),,"PTZ camera: 1/2.8” 4.7 - 47 mm, F1.6 - 3.0, 61.8°- 6.7° Overview cameras: 1/2.8” 2.39 mm, F2.0, 360°",,,,PTZ camera: 0.09/0.01 Overview cameras: 0.08/0.03,PTZ camera: 25/30 Overview cameras: 12,10,,,,,,,√ / -,,,-,AXIS Loitering Guard AXIS Video Motion Detection Audio detection Advanced gatekeeper,,"PoE Class 4, DC",4,0 °C to 40 °C (32 °F to 104 °F),-,,,Forensic Capture / -,√ / √ / √ / -,- / -,√ / √ / √,,"PVC free, BFR/CFR free",Wireless I/O with Z-Wave Plus® Shock detection,,,,,,
AXIS Q2802-E,Thermal cameras,AXIS Q28 Series,33,Visual: 3840x2160 (8.3 MP) Thermal: 640x480,"Visual: 8 MP: 1x 1/1.2'' 5.85 mm F1.5, 113.8° Thermal: Uncooled microbolometer Athermalized lens 10 mm, F1.17, 63° 19 mm, F1.0, 31° 25 mm, F1.0, 24° 35 mm, F1.0, 14°",,,,,,8.3/301,,,,√,NETD < 20 mK,,-,√ / -,,,,AXIS Guard Suite AXIS Video Motion Detection Active tampering alarm Audio detection,,"PoE Class 4, DC",2/2,-40 °C to 60 °C (-40 °F to 140 °F),"IP66/IP67/NEMA 4X, IK102",,,,√ / √ / √,,√ / √ / FIPS 140-3 Level 3,,"PVC free, BFR/CFR free",Electronic image stabilization Visual: Edge-to-edge technology Shock detection Low power mode Dynamic power moder Thermal: Thermal palettes,,,,,,
AXIS Q2112-E,Thermal cameras,AXIS Q28 Series,33,640x480,"Uncooled microbolometer Athermalized lens 10 mm, F1.2, 63° 19 mm, F1.0, 31° 25 mm, F1.0, 24.1° 35 mm, F1.2, 17° 60 mm, F1.2, 10°",,,,,,8.3/301,,,,√,NETD < 20 mK,,-,√ / -,,,,AXIS Guard Suite AXIS Video Motion Detection Active tampering alarm Audio detection,,"PoE Class 3, 12 - 28 V DC",4,-40 °C to 60 °C (-40 °F to 140 °F),"IP66/IP67/NEMA 4X, IK102",,,,√ / √ / √,,√ / √ / FIPS 140-2 Level 2,,"PVC free, BFR/CFR free",Electronic image stabilization Thermal palettes,,,,,,
AXIS Q2111-E,Thermal cameras,AXIS Q28 Series,33,384x288,"Uncooled microbolometer Athermalized lens 60 mm, F1.2, 6.2°",,,,,,8.3/301,,,,√,NETD < 20 mK,,-,√ / -,,,,AXIS Guard Suite AXIS Video Motion Detection Active tampering alarm Audio detection,,"PoE Class 3, 12 - 28 V DC",4,-40 °C to 60 °C (-40 °F to 140 °F),"IP66/IP67/NEMA 4X, IK102",,,,√ / √ / √,,√ / √ / FIPS 140-2 Level 2,,"PVC free, BFR/CFR free",Electronic image stabilization Thermal palettes,,,,,,
AXIS Q2101-TE,Thermal cameras,AXIS Q28 Series,33,384x288,"Uncooled microbolometer Athermalized lens 7 mm, F1.18, 55° 13 mm, F1.0, 28° 19 mm, F1.23, 19.4°",,,,,,8.3/301,,,,√,NETD < 40 mK,,-40 °C to 350 °C (-40 °F to 662 °F),√ / -,,,,AXIS Guard Suite Active tampering alarm Early fire detection Audio detection,,"PoE Class 3, 12 - 28 V DC",4,-40 °C to 50 °C (-40 °F to 122 °F),"IP66/IP67/NEMA 4X, IK102",,,,√ / √ / √,,√ / √ / FIPS 140-2 Level 2,,"PVC free, BFR/CFR free",Thermometric guard tour Isothermal palettes Thermal palettes Spot temperature reading Polygonal detection areas Electronic image stabilization,,,,,,
AXIS Q1972-E,Thermal cameras,AXIS Q28 Series,33,640x480,"Uncooled microbolometer Athermalized lens 10 mm, F1.2, 63° 19 mm, F1.0, 31° 25 mm, F1.0, 24.1° 35 mm, F1.2, 17°",,,,,,8.3/301,,,,-,NETD < 20 mK,,-,√ / -,,,,AXIS Guard Suite AXIS Video Motion Detection Active tampering alarm Audio detection,,"PoE Class 3, 12 - 28 V DC",1/1,-40 °C to 60 °C (-40 °F to 140 °F),"IP66/IP67/NEMA 4X, IK102",,,,√ / √ / √,,√ / √ / FIPS 140-2 Level 2,,"PVC free, BFR/CFR free",Electronic image stabilization Thermal palettes,,,,,,
AXIS Q1971-E,Thermal cameras,AXIS Q28 Series,33,384x288,"Uncooled microbolometer Athermalized lens 7 mm, F1.18, 55° 13 mm, F1.0, 29° 19 mm, F1.23, 19° 25 mm, F1.0, 15° 35 mm, F1.14, 10.5°",,,,,,8.3/301,,,,-,NETD < 20 mK,,-,√ / -,,,,AXIS Guard Suite AXIS Video Motion Detection Active tampering alarm Audio detection,,"PoE Class 3, 12 - 28 V DC",1/1,-40 °C to 60 °C (-40 °F to 140 °F),"IP66/IP67/NEMA 4X, IK102",,,,√ / √ / √,,√ / √ / FIPS 140-2 Level 2,,"PVC free, BFR/CFR free",Electronic image stabilization Thermal palettes,,,,,,
AXIS Q1961-TE,Thermal cameras,AXIS Q28 Series,33,384x288,"Uncooled microbolometer Athermalized lens 7 mm, F1.18, 55° 13 mm, F1.0, 28°",,,,,,8.3/301,,,,-,NETD < 40 mK,,-40 °C to 350 °C (-40 °F to 662 °F),√ / -,,,,AXIS Guard Suite Active tampering alarm Early fire detection Audio detection,,"PoE Class 3, 12 - 28 V DC",1/1,-40 °C to 60 °C (-40 °F to 140 °F),"IP66/IP67/NEMA 4X, IK102",,,,√ / √ / √,,√ / √ / FIPS 140-2 Level 2,,"PVC free, BFR/CFR free",Isothermal palettes Thermal palettes Spot temperature reading Polygonal detection areas Electronic image stabilization,,,,,,
ExCam XPT Q6075,Explosion-protected devices,,34,1920x1080 (2.1 MP),"1/2.8” 4.25 - 170 mm F1.6 - 4.95, 65.1°- 2.0°",,,,,0.1/0.002,50/60,40,,,,,,,,,,,AXIS Guard Suite Active Gatekeeper Autotracking 2 AXIS Video Motion Detection Active tampering alarm,,PoE Class 4 and 24 V DC for additional heater SFP midspan included,- / -,-50 °C to 50 °C (-58 °F to 122 °F),IP66/IP67/IP68,"ATEX, IECEx, IA, EAC, PESO",,Forensic WDR/Lightfinder 2.0,√ / √ / √,,√ / √ / FIPS 140-2 Level 2,,-,"Orientation aid Automatic defog Electronic image stabilization Focus recall, Shock detection",,,,,,
ExCam XF P3807,Explosion-protected devices,,34,"4320x1920 (8,3 MP)","4 x 1/2.9"" 3,2mm, F2.0 180°",,,,,0.17/0.005,25/30,-,,,,,,,,,,,AXIS Guard Suite AXIS Video Motion Detection Active tampering alarm,,PoE Class 3,- / -,-50 °C to 50 °C (-58 °F to 122 °F),IP66/IP67/IP68,"ATEX, IECEx, INMETRO, EAC, PESO",,Forensic WDR/Lightfinder,√ / √ / -,,- / - / -,,-,1 IP adress Vertical FoV 90°,,,,,,
AXIS XFQ1656,Explosion-protected devices,,34,2688x1512 (4 MP),"1/1.8”, i-CS lens 3.9 - 10 mm, F1.5 120° - 47°",,,,,0.05/0.01,50/60,~2.5x zoom,,,,,,,,,,,"Smoke alert, Audio detection AXIS Object Analytics AXIS Video Motion Detection AXIS Image Health Analytics AXIS Live Privacy Shield AXIS Scene Metadata",,PoE Class 6 100-240 V AC,4,With PoE: -40°C to 60°C (-40°F to 140°F) With AC/SFP: -40°C to 55°C (-40°F to 131°F),IP66/IP67/IP68,"ATEX, IECEx, INMETRO, IA, KCs, PESO, cMETus, JPEx, OSHA(TW)",,Forensic WDR/Lightfinder 2.0,√ / √ / √,,√ / √ / FIPS 140-2 Level 2,,-,Electronic image stabilization Built-in wiper Shock detection Edge-to-edge technology,,,,,,
ExCam XF Q1785,Explosion-protected devices,,34,1920x1080 (2.1 MP),"1/2.8” 4.3 - 137 mm, F1.4 - 4.0 60° - 2.3°",,,,,0.16/0.03,25/30,-,,,,,,,,,,,AXIS Guard Suite AXIS Video Motion Detection Active tampering alarm,,PoE Class 3 and 24 V DC for additional heater,- / -,-60 °C to 60 °C (-76 °F to 140 °F),IP68,"ATEX, IECEx, IA, EAC, PESO",,Forensic WDR/Lightfinder,√ / √ / -,,- / - / -,,-,Electronic image stabilization Built-in wiper Shock detection,,,,,,
AXIS XC1311,Explosion-protected devices,,35,,,,,,,,,,,,,,,,,,Only for remote health testing,,,,PoE Class 3,2,-40 °C to 60 °C (-40 °F to 140 °F),IP66/NEMA 4X,"ATEX, IECEx, UL",,,,,,√ / √,PVC free,"AXIS Audio Manager Edge included VAPIX, ACAP, SIP",√,√,>110 dB,400 Hz - 5.5 kHz,54°,
AXIS P1468-XLE,Explosion-protected devices,,35,3840x2160 (4K),"1/1.2” 6.2 - 12.9 mm, F1.6 - 2.9 108° - 49°",,,,,0.07/0.00,25/30,2x,,,,,,,,,,,Smoke Alert AXIS Object Analytics (with PPE monitoring AXIS Video Motion Detection AXIS Image Health Analytics AXIS Live Privacy Shield AXIS Scene Metadata,,"PoE Class 3, 12 - 28 V DC",1/1,-40 °C to 60 °C (-40 °F to 140 °F),IP66/IP67/NEMA 250 Type 4X,"ATEX, IECEx, cULus INMETRO, PESO, JPEx, KCs, OSHA (TW)",,Forensic WDR/Lightfinder 2.0,√ / √ / √,,√ / √ / √,,"PVC free, BFR/CFR free",IK10 Shock detection Edge-to-edge technology,,,,,,
AXIS Q1961-XTE,Explosion-protected devices,,35,384x288,"Uncooled microbolometer Athermalized lens 7 mm, F1.18, 55°",,,,,-,8.3/301,-,,,,,,,,,,,AXIS Guard Suite Active tampering alarm Early fire detection Audio detection,,"PoE Class 3, 12 - 28 V DC",1/1,-40 °C to 60 °C (-40 °F to 140 °F),"IP66/IP67/NEMA 250 Type 4X, V","ATEX, IECEx, cULus",,- / -,√ / √ / √,,√ / √ / √,,"PVC free, BFR/CFR free",Isothermal palettes Thermal palettes Spot temperature reading Polygonal detection areas Electronic image stabilization,,,,,,
VB-M46,Canon network cameras,,36,1280x960 (1.3 MP),,,62.4° - 3.2°,Progressive scan CMOS 1/3”,"4.7 - 94 mm F1.6 - F3.5 Autofocus 20x optical, 16x digital zoom",0.02 (Color) 0.003 (B/W),30,,,64 presets 340° pan 100° (-90° to +10°) tilt,,,,,,Two-way,,,,Moving Object Detection Abandoned Object Detection Removed Object Detection Camera Tampering Detection Passing Detection Intrusion Detection Volume Detection Face Detection,AC/DC PoE IEEE 802.3at Type1,2/2,,,,-,,√ / √,,,,,,,,,,,Motion Adaptive Noise Reduction Area-specific Data Size Reduction (ADSR) ONVIF Profile S & G & T
VB-H47,Canon network cameras,,36,1920x1080 (2.1 MP),,,62.4° - 3.2°,Progressive scan CMOS 1/3”,"4.7 - 94 mm F1.6 - F3.5 Autofocus 20x optical, 16x digital zoom",0.02 (Color) 0.003 (B/W),30,,,64 presets 340° pan 100° (-90° to +10°) tilt,,,,,,Two-way,,,,Moving Object Detection Abandoned Object Detection Removed Object Detection Camera Tampering Detection Passing Detection Intrusion Detection Volume Detection Face Detection,AC/DC PoE IEEE 802.3at Type1,2/2,,,,-,,√ / √,,,,,,,,,,,Motion Adaptive Noise Reduction Area-specific Data Size Reduction (ADSR) ONVIF Profile S & G & T
